 x1, x2, x3, x4, x5, x6, x7, x8, x9, x10, x11, x12, x13, x14, x15, x16, x17, x18, x19, x20, x21, x22, x23, x24, x25, x26, x27, x28, x29, x30, x31, x32, x33, x34, x35, x36, x37, x38, x39, x40, x41, x42, x43, x44, x45, x46, x47, x48, x49, x50, x51, x52, x53, x54, x55, x56, x57, x58, x59, x60, x61, x62, x63, x64, x65, x66, x67, x68, x69, x70, x71, x72, x73, x74, x75, x76, x77, x78, x79, x80, x81, x82, x83, x84, x85, x86, x87, x88, x89, x90, x91, x92, x93, x94, x95, x96, x97, x98, x99, x100,y
1,-29,-47,28,-24,9,41,45,36,-30,-13,18,-30,18,-28,-19,-35,-29,48,3,-28,10,-44,-2,16,34,-9,-13,45,-42,0,16,47,3,-41,39,29,50,-1,14,36,37,49,22,4,37,-47,-14,-43,-50,39,47,-24,11,-40,42,-6,1,-22,-12,-24,29,-47,-28,48,-37,27,26,29,-25,-44,-19,-39,21,-48,-18,7,22,18,-20,-11,-28,-24,15,34,-14,7,-23,38,1,-18,30,46,-15,18,44,-36,-6,-15,44,-149.4
1,19,-43,-26,-3,28,43,-5,-50,15,-38,-19,-47,-50,-27,-16,0,10,7,-6,-37,-42,26,43,-47,27,-24,13,42,20,15,35,-46,22,25,-33,-34,17,12,-34,48,-10,-37,-50,-43,-13,-49,7,13,8,17,26,16,-8,-16,-14,36,10,15,27,46,46,-23,16,-16,18,34,0,-16,-39,-18,49,-32,-38,15,-25,-1,16,-2,-39,-26,-35,3,6,-27,37,8,-42,-38,-27,1,24,-32,-6,-11,-32,-39,-28,18,-38,-82
1,-50,17,-40,-32,29,25,-7,-23,-9,7,-46,15,22,7,37,12,-41,-5,-14,-29,18,38,45,2,-19,50,21,-7,-28,-46,5,39,-13,-19,-44,-35,-45,-35,-42,-4,22,29,27,-40,-15,14,-12,-40,-42,24,-19,-8,11,42,10,9,42,47,-49,30,18,-28,18,-46,3,-10,37,-26,-29,45,-13,9,-10,30,19,25,-7,-44,36,-33,-3,33,-25,-43,-9,36,-18,-18,-2,-17,28,-35,-29,-39,-30,-10,1,-44,15,13
1,22,17,18,-20,-44,-3,16,-2,41,-12,50,24,35,-2,16,9,39,1,41,-30,15,41,14,31,28,25,17,-32,-25,23,-1,13,-45,-34,10,29,13,-25,-24,-31,-21,42,10,31,-11,-25,-11,-22,-8,46,-36,-44,36,29,37,-20,3,-31,-2,-5,42,13,-43,14,29,-17,-8,-43,8,-16,44,4,-25,-31,-16,14,-6,23,42,2,-16,23,8,37,1,-39,-34,20,-20,-20,31,39,43,5,2,-13,38,10,-40,212.9
1,-38,44,-47,16,-32,-28,50,32,-18,-12,-10,34,22,-38,-42,-26,-21,-31,-10,15,-35,-14,-4,-47,-22,-50,-29,-19,38,31,-8,16,24,-5,-19,8,-16,47,-44,-18,-16,-4,-34,23,-26,-26,47,-31,-41,-47,34,-26,-45,46,45,-16,12,-35,15,-34,13,23,32,-48,-32,-37,11,-32,-41,-17,0,-40,29,-18,33,19,-28,-5,4,-19,-36,-47,-28,-30,50,33,-30,11,48,1,27,-24,-26,-25,-21,-42,-12,6,-24,-176.5
1,-37,39,-8,-27,-17,-9,22,18,13,34,-29,11,14,-26,-1,0,40,-19,20,-33,45,38,10,-29,-39,35,-34,-31,-28,-12,-39,-48,-24,-31,42,-25,10,-20,43,40,30,30,-34,-7,20,15,10,-24,46,46,-7,40,33,-48,27,44,38,43,29,26,47,40,28,-28,26,-14,-37,-49,16,22,7,-5,-33,23,4,38,-13,-37,-37,49,-41,-28,5,42,-26,48,36,28,41,-20,-30,3,37,48,26,12,-17,5,13,-23.4
1,15,-23,-30,-41,-6,9,14,48,13,27,27,11,36,49,32,-6,40,30,46,-17,-14,-25,3,39,-39,-33,-20,23,-34,36,-48,32,29,39,41,-28,-3,-30,37,-41,14,13,-13,-35,-22,-32,9,34,14,4,-34,50,30,-14,39,41,3,-32,-20,19,20,49,0,-2,3,-43,-13,50,44,-27,26,7,2,-38,23,-4,47,-19,-21,11,36,-38,-24,-19,-2,-36,38,-50,50,34,19,-15,32,36,0,-16,43,37,-50,16.4
1,2,26,26,-41,44,4,32,-10,-34,29,-15,-7,14,-3,20,11,45,0,-1,45,-35,-18,-20,1,-36,32,17,-36,-10,3,-36,42,45,6,-50,4,26,-2,44,43,-23,-21,-49,41,-8,21,-32,-13,38,17,48,-48,49,44,-31,29,25,36,44,-36,-46,24,-44,49,47,-44,3,22,5,-38,-20,32,-43,-18,-12,0,19,6,3,6,39,0,-25,38,-6,-6,-18,35,47,42,50,-50,-18,-45,16,-22,28,-32,16,-5.4
1,49,47,13,-4,-46,11,1,-30,-21,23,23,2,12,-28,27,-35,-18,37,-3,-33,33,-11,33,34,21,4,-1,15,-19,-17,47,47,-21,9,-8,50,-31,9,-31,-35,-18,42,-17,10,31,26,25,29,12,38,46,-5,43,-6,45,13,48,-41,44,46,-8,41,42,-13,-35,50,-13,-15,9,-28,-34,7,-36,-35,-34,45,41,41,-11,2,-6,-15,13,-13,-5,-27,16,-7,-18,10,-12,-10,-34,-21,28,-19,45,31,-18,82.8
1,3,-48,-36,-41,-34,-21,-25,27,-31,32,-34,-12,-24,-33,17,-21,-22,41,45,21,39,-30,25,-21,-14,20,23,-16,15,3,16,-33,-29,31,44,-46,26,-32,-3,12,17,-21,50,9,-38,-18,38,-9,39,-2,-39,28,-15,37,23,-13,6,-39,21,37,-20,-47,-46,1,0,14,5,-25,32,-48,37,-36,48,2,-11,-40,35,43,1,23,-9,12,-34,26,-36,5,-38,-13,16,0,-27,46,3,44,-37,-48,7,-16,44,-127.8
1,-45,-14,31,36,-16,49,-25,-40,33,-33,11,-28,-26,39,-12,16,-47,44,-5,-44,-25,45,46,38,-37,6,-50,32,29,-16,25,0,-13,-29,-14,-13,-30,-23,-3,-48,-40,-43,-26,-15,46,-21,17,15,39,-39,-13,-37,22,50,-50,1,5,-50,-18,50,-49,-43,0,-12,-22,2,-9,-36,29,38,-33,39,11,-43,40,-28,-48,7,38,41,-16,41,-46,23,40,21,-27,-40,-12,6,27,-11,-21,-24,-7,-27,28,34,-12,45.7
1,-28,21,-29,-40,-19,45,-50,3,48,-27,-44,38,7,14,8,46,-31,-21,-31,-20,-17,-9,-44,22,-14,49,-36,9,-8,14,13,14,-50,0,24,48,-5,-10,0,-42,-21,-27,12,3,37,-30,-2,-45,-35,-17,-49,-2,24,24,-31,-41,22,50,-15,30,-21,48,-7,-21,-36,34,-24,9,40,-8,-17,-31,-19,45,22,34,-36,36,6,-21,-31,7,-7,43,48,-22,19,-15,44,-47,-35,-28,17,-26,1,31,-43,27,-45,-71
1,48,36,-12,33,-34,-17,-30,-50,-37,-45,6,-41,-26,-38,2,34,26,31,2,-39,-10,-29,-24,13,4,0,30,-49,-26,-27,-44,38,-42,-39,20,-26,-6,6,-26,-27,11,30,-18,2,9,1,-15,-16,48,3,-39,-13,24,-13,50,44,4,30,45,-6,-48,-49,-19,-40,29,17,-50,39,-28,-25,-39,-1,21,-6,-50,-21,11,-15,-20,8,4,-9,45,44,-5,45,38,15,-10,32,-42,-42,-1,-45,35,-23,22,35,-35,-117.3
1,10,26,44,-42,-3,-47,26,-8,14,27,-12,-29,-19,30,-35,-26,41,26,28,5,32,10,-21,40,25,-16,24,19,22,9,0,-19,-16,-7,-45,-3,-38,31,40,26,8,-23,13,39,23,29,29,-21,-30,7,0,-48,33,29,42,-27,29,-18,42,0,41,-42,-3,41,-33,3,-46,-20,50,10,22,7,3,-15,-39,-24,30,41,-29,50,-37,22,18,46,-34,10,-32,46,42,27,-39,-2,35,-25,-46,-49,28,-42,-19,66
1,-7,-16,-47,-50,38,-46,28,30,34,-16,-50,33,-3,22,1,-8,5,27,-23,0,-16,-47,-23,-2,38,2,-32,5,46,-23,3,-11,-23,6,-45,-36,-24,33,44,-41,-33,45,8,-20,-18,-42,23,37,1,16,-48,1,-15,-20,49,-28,32,-33,-7,28,-40,46,33,-13,-33,38,2,-7,-14,-39,2,3,-45,-40,34,-46,35,-28,41,-48,4,44,3,39,-27,-32,27,21,-15,-31,-36,-39,32,47,-2,49,34,16,-42,-44.8
1,-30,28,-24,-11,-1,-48,39,3,38,27,-40,6,-20,-47,25,-32,43,43,11,-21,44,31,-6,-46,12,-10,-31,-24,41,1,-16,-40,45,11,-35,-6,13,-46,13,-34,31,23,-12,28,26,-37,12,-16,-45,-27,14,16,-47,24,-14,-19,-37,5,7,-47,23,8,30,17,35,46,-40,-3,16,-10,-20,-4,-38,18,40,5,31,2,39,3,25,-32,-32,28,42,4,25,-45,26,48,25,-2,5,5,31,-11,-34,8,3,28.5
1,32,48,33,44,-41,0,34,14,48,-15,-31,-34,-41,-13,-50,3,-21,-30,-23,-50,46,-26,-9,-41,-4,12,41,1,28,-2,-47,-25,-5,36,-31,-30,-48,-48,35,16,-47,-47,32,-38,-44,32,-19,-15,-49,8,-49,14,-2,-41,-11,10,21,46,-39,-35,-41,31,-10,-30,-17,9,-9,-15,-23,-25,17,-20,45,-2,-42,-50,46,-11,-48,13,13,20,-24,28,29,-18,-47,0,-23,31,15,-13,12,21,7,45,47,48,46,20
1,-27,39,12,-30,-1,26,45,0,21,-50,-32,-17,-21,38,-24,23,17,-26,27,33,1,-27,-37,4,35,34,-39,-5,30,25,-10,20,-20,18,6,29,-7,-34,45,30,33,-38,30,-38,-50,-45,1,-17,-21,44,-35,-4,-33,45,-50,-49,28,28,-3,-26,2,3,10,32,-29,-35,11,-20,48,-29,-40,31,-16,40,43,-50,11,-7,-17,40,-47,-36,-49,-30,-42,-49,38,2,29,-50,26,48,4,-15,-5,-9,-34,22,21,14.6
1,-36,44,31,45,-23,20,3,-23,-20,12,-24,36,15,-10,38,1,-36,5,-11,-18,-50,-11,25,48,9,-41,-8,50,43,-36,21,23,-43,1,17,-16,38,36,-23,-33,-3,3,20,29,9,7,-21,23,28,-16,21,28,24,-5,25,-18,-29,34,49,-37,48,19,36,21,36,-32,21,23,20,14,7,33,-34,-24,11,-9,-1,7,30,-24,41,0,21,-20,46,-5,-21,-34,45,-23,46,8,46,31,-22,31,15,15,-30,60.5
1,-50,-22,27,33,-40,19,-40,1,-33,-17,-20,-41,-27,31,30,4,26,42,-1,8,36,26,3,-40,21,50,-46,-33,-20,20,-13,-20,14,30,-38,25,-2,39,42,-19,-29,-28,-9,-39,19,-30,15,-40,28,-37,18,-20,5,-30,-10,-25,36,-6,-42,-35,30,-38,-5,-40,42,-27,35,-10,-38,-8,21,-17,14,28,-6,49,15,25,-42,-8,4,-8,-12,-42,12,28,50,-3,39,25,12,-16,37,23,-6,28,47,45,34,-22.6
1,-42,-13,-29,-43,-50,49,-32,50,-21,9,24,22,-37,-34,-41,38,-6,4,4,8,-8,-22,36,-8,31,9,37,-26,5,31,-42,-21,-33,46,-48,35,10,-30,0,40,30,-27,-23,9,-45,-48,-38,0,6,16,-43,14,10,43,-44,-44,1,43,-19,22,-11,-45,-50,7,-50,-47,-9,10,40,41,-35,19,30,-8,44,36,-5,-44,-49,17,-12,-42,-19,15,-50,-47,21,-32,12,-49,40,-50,-44,7,7,23,-24,14,50,-125.5
1,-35,-30,-36,1,17,-27,-6,-32,18,0,-31,-16,5,-23,-19,-31,44,-16,40,28,46,8,-16,13,-20,41,36,-47,33,-34,-48,48,-14,33,-2,19,-45,43,37,-11,-42,-45,24,13,-18,21,-2,43,22,-46,20,17,12,-47,46,42,10,32,11,-8,48,-21,-10,50,-38,4,19,34,-38,5,-27,-29,11,13,0,9,-17,15,1,-46,19,-29,-12,47,41,-17,4,1,31,-35,43,28,-6,49,28,-28,3,-38,-44,-97.9
1,15,17,-21,2,44,42,19,3,-26,50,-47,46,-16,41,-17,-20,-2,-18,34,49,-37,49,7,41,-41,6,-16,-19,25,-4,-13,-45,30,-18,-26,-11,-27,9,42,-36,8,12,-41,42,-32,-42,38,16,-10,21,14,3,-14,38,-40,-5,-7,-6,-8,34,7,-4,39,-48,28,29,-9,18,-13,50,-2,11,11,7,2,29,-19,-45,-39,21,27,-9,41,29,-22,-50,40,-13,-40,-19,-30,17,-7,26,-15,38,4,27,5,70.6
1,42,-8,-48,2,-48,-25,21,-3,6,26,-26,43,-32,16,33,47,44,33,36,-19,44,34,-33,-24,-24,43,-22,-37,-3,-46,-16,-12,-38,-14,6,-36,-23,43,-23,-1,19,2,-8,3,-33,41,0,27,24,-49,-43,-17,35,-25,-25,28,-33,3,41,-20,-27,42,-16,-15,-23,41,-35,-29,33,-7,20,-33,45,28,21,28,19,37,4,-42,38,-22,-9,-11,-31,-18,-34,-48,36,23,-17,-42,14,17,-6,42,7,9,29,70.7
1,-44,18,-2,40,-22,43,-24,-45,11,-38,-24,19,17,4,26,-45,23,-43,-29,25,9,44,24,18,8,-9,28,-35,14,-48,10,20,-13,24,-24,15,16,2,21,43,-19,13,-23,48,-34,-48,19,5,27,6,46,-15,-35,20,19,-11,-40,-38,-30,24,32,30,-40,-32,4,-48,33,-31,4,-31,29,1,32,-45,-2,14,25,33,-32,-33,-12,-36,-32,4,0,38,9,10,16,30,50,-3,9,26,15,-38,28,-36,49,-59.7
1,49,-17,27,-1,-35,-2,14,-5,-28,-4,14,-11,1,-6,8,21,10,-39,-21,-31,-7,-42,35,41,18,11,-29,-4,-46,-15,-40,-48,19,3,2,0,-49,-35,45,-27,-23,-26,-21,28,-16,3,-36,44,-20,-6,29,23,2,14,13,36,41,35,49,11,36,-42,14,4,12,32,20,-21,47,15,-32,40,5,-3,-16,40,16,-2,-1,46,8,-22,19,27,8,48,12,-36,-2,10,25,-16,-15,-12,4,13,-31,-26,42,-54.3
1,32,5,-41,22,-41,7,22,15,39,-31,-36,35,28,-8,-31,4,16,33,32,30,-19,-42,4,-19,-7,43,1,-45,28,25,47,10,46,22,48,22,-22,19,-14,-33,4,0,18,48,8,3,-33,-27,-15,16,-48,-18,24,7,-21,33,-35,31,4,43,-29,-34,-32,-33,38,32,39,33,-34,41,16,21,-43,-17,-16,15,36,2,5,37,-33,7,-31,7,30,-2,-11,11,45,9,4,-34,25,-12,50,12,-30,4,-6,57.3
1,-14,-40,-41,23,-33,-42,-43,-1,10,-25,-47,-3,-42,-24,-18,-19,-44,30,20,17,-9,-22,37,-27,19,42,-28,47,-39,-8,-9,-37,2,-34,37,-14,42,10,35,1,1,38,14,-25,-37,46,6,36,-8,42,-31,33,36,-45,-45,4,47,44,0,24,-49,7,38,3,24,-10,39,-19,16,-11,32,33,-24,-38,-43,-10,-43,13,42,-1,4,-40,48,-11,-34,-48,43,29,12,-42,-31,13,16,23,33,-45,29,-13,-14,-179.3
1,-6,27,34,-24,-48,46,-17,-42,-47,12,-50,-32,-35,27,-34,4,43,35,-38,-12,-3,-30,-27,-41,36,46,8,7,24,46,43,34,22,-7,-41,-10,-12,-42,-35,-43,20,32,43,1,8,-42,21,-33,9,33,-29,-45,19,-6,32,-29,-11,-11,28,-38,-16,21,12,22,-37,21,29,-33,-5,44,-25,31,25,34,-19,49,42,18,-35,0,0,-14,-28,-32,30,-47,-45,35,-42,34,47,-41,4,-26,31,-17,11,-25,0,-53.7
1,-45,-32,-9,2,9,-26,-1,8,32,-34,23,49,16,26,-30,1,5,40,6,-10,48,-45,-48,23,9,-23,-30,8,38,-5,-42,10,14,-35,28,39,-10,-23,-4,-29,-7,36,36,26,11,-45,43,32,11,-36,-29,-25,-30,41,48,-5,34,-33,-47,-13,13,-39,13,43,-24,-9,31,-18,18,-23,-30,-40,29,-45,2,-11,28,-6,-30,-12,9,-42,13,-5,15,11,40,-2,28,43,1,-10,20,-36,49,47,5,30,45,-7.2
1,39,23,-36,49,1,-30,-33,6,48,11,-8,-15,36,-34,15,-20,31,-25,37,45,19,29,-4,26,-1,-24,24,-39,31,3,-45,19,42,-30,-17,-8,-44,0,48,-47,28,-44,-46,-21,-28,19,-24,-47,10,-38,14,-21,7,26,-46,22,-49,28,33,-2,48,5,33,39,-9,-34,48,-3,-18,11,-34,26,17,-30,-45,40,6,-19,9,-35,-41,-28,-40,16,49,-36,-12,16,9,37,-36,6,-9,47,-40,-2,29,-43,45,69.5
1,28,19,-40,3,-15,48,-26,41,-31,-29,-1,-50,-20,-12,-39,13,-48,-25,-50,18,0,37,32,22,45,-5,33,-8,-27,6,-47,17,-26,-37,-30,-24,27,-40,33,46,-18,49,47,-22,-48,24,41,-46,15,41,22,-35,-6,-30,3,-46,15,-15,-4,4,8,-1,-29,-2,-21,-43,24,22,-33,-27,-16,-35,38,47,-40,40,20,-50,44,-16,8,-19,-35,-49,1,19,22,32,20,-33,-14,-23,-17,-27,26,-22,-20,-35,16,-94.3
1,-37,-46,16,46,42,12,-45,31,48,-45,24,49,13,-45,-37,-20,-28,-2,-49,-46,35,36,-44,-39,35,-21,3,29,9,19,-40,-12,-11,27,-17,-19,-12,-12,-39,-48,-40,36,-50,-11,7,30,-14,-5,45,-47,-1,29,39,5,40,-11,34,-41,34,-42,-6,45,-37,33,21,-4,-37,25,1,-25,-7,-23,27,-7,16,50,40,-49,-6,34,-45,44,12,10,-36,-33,16,15,-24,-1,23,-14,-41,36,-31,-4,49,-18,38,24.1
1,-35,-27,-20,-8,50,24,-43,49,-21,26,-41,-38,-3,-48,-10,-44,33,7,-12,-3,0,38,37,36,13,-12,21,-41,-48,-47,47,-33,-24,-24,9,43,16,-17,7,45,25,16,23,-29,-16,-38,44,-33,-14,-18,-20,2,36,-34,-47,-2,-29,25,-27,-27,28,-31,-9,20,-38,16,12,28,15,36,-11,-11,1,-39,-24,2,41,-30,-15,-24,-32,15,-6,20,-2,-3,34,19,-29,-43,42,49,43,49,-15,-46,-19,13,-1,-149.5
1,46,-2,4,-15,50,-19,-23,1,-29,-37,36,-37,-19,-34,7,17,14,21,1,49,42,-26,7,7,-34,-29,42,38,2,4,-48,-2,19,6,-1,18,3,26,35,-9,40,-14,4,37,2,28,4,33,-36,21,31,-45,45,-47,-22,27,-25,36,-20,27,-44,-18,-26,25,4,23,-8,-43,-35,43,-36,21,-22,18,7,-4,-39,27,-22,-25,-3,26,48,-43,29,-25,1,-47,-39,31,31,-33,-37,21,42,-17,-40,50,-44,-61.3
1,42,8,-30,12,36,5,35,-19,-18,12,-24,-26,25,-49,-29,-1,-4,-38,50,-34,40,30,13,23,9,-17,-20,9,-41,46,15,-50,3,2,12,-12,23,-3,-14,-46,25,-22,45,-35,46,32,14,-9,45,-21,7,0,26,36,-27,-50,-31,-31,9,45,-35,41,46,18,-42,-27,23,31,-14,25,1,27,-48,-4,43,48,-23,-28,-46,38,2,-22,-12,-23,-37,-23,-23,49,-38,3,44,-23,-7,5,12,1,28,-50,48,1.1
1,-36,25,-2,41,-7,44,-1,-44,38,22,-40,25,40,-46,29,33,35,22,-41,-1,35,-22,-42,28,21,13,-11,38,-9,-11,35,-29,30,50,28,-28,43,44,-22,-4,-19,-45,-29,-30,-41,16,-48,10,-12,28,-41,-28,-44,-33,16,-7,-3,-45,48,4,-40,-2,-9,41,-3,35,-38,-44,28,-43,2,-42,-38,-11,-22,38,-45,47,-36,-7,-9,-27,-19,-3,-44,47,6,3,18,3,23,-5,18,-37,-49,-36,49,-37,-30,113.2
1,26,37,23,1,49,28,-5,3,33,-8,17,42,33,6,-28,46,-22,36,-33,-2,-31,-13,-30,14,-46,-16,15,-32,-18,-5,-45,24,48,-6,-26,13,-29,20,-35,-46,28,-2,12,-24,-47,35,38,48,-14,-46,-5,-29,-9,-18,2,-39,16,33,47,14,-23,-49,-47,42,-39,45,4,49,-20,19,19,-43,33,-19,50,2,32,37,-1,34,41,11,-46,49,43,6,-41,-26,-11,22,4,-18,23,7,-27,0,1,-7,-1,117.7
1,31,-39,-33,4,10,-36,3,-39,46,-45,11,29,47,-29,0,11,-37,22,-14,-47,-40,-42,7,-41,-3,-37,49,48,-19,-8,-38,28,-31,46,49,30,-40,1,41,22,7,-33,-33,-31,-12,17,-4,-33,-12,32,37,-35,6,-7,41,-47,-27,39,17,-30,47,29,48,33,-10,46,-22,0,-37,35,39,-14,-48,-45,-29,-44,-12,17,41,26,-36,27,7,21,37,-3,24,-41,-14,-10,-21,49,35,43,31,-26,39,-42,-9,-6
1,18,44,-21,-47,12,-50,41,18,-12,7,-26,30,-13,-49,-13,-43,38,34,-3,13,36,3,8,35,-13,0,15,-22,-46,-10,19,22,50,14,-9,11,-20,-19,45,18,4,-31,-37,42,37,0,15,-10,-16,-38,-48,-31,-19,10,20,-15,26,-15,13,31,-9,48,2,-44,-23,10,17,7,7,-23,41,-39,-38,-47,19,49,4,50,-46,4,28,-44,-11,-41,-18,-41,-6,-42,-40,-44,39,1,20,-44,7,47,-18,40,-31,-74.9
1,40,33,-41,-50,46,29,-15,10,-18,-16,15,2,-38,-13,42,38,20,-50,-19,28,27,-47,-18,44,-11,-12,-34,-15,-13,-45,4,-24,4,-21,43,-1,-43,-23,26,-44,-23,-10,8,-45,27,-35,43,-38,32,-27,40,8,43,38,1,-19,43,-17,-18,-21,-12,36,5,9,31,-3,-43,5,-10,-1,11,17,39,35,23,-18,17,-19,-6,-2,5,-50,23,-37,38,40,-5,30,-27,27,-42,-23,-21,-21,36,26,26,10,-20,-95.5
1,32,-42,41,-1,14,-8,38,46,-42,-32,-11,6,-11,-45,45,3,44,35,14,-11,-43,-44,-36,-50,-49,-7,37,28,36,-4,-43,17,-30,15,32,34,-44,-15,-5,-36,-30,35,-14,9,6,48,28,-1,32,-43,39,5,-36,19,5,-35,-39,-43,43,47,3,17,-20,-10,-19,28,-27,-47,-37,19,34,-17,-31,-31,8,25,33,-14,41,14,-41,-5,35,-27,-37,-10,-11,-26,-37,48,38,17,14,34,23,11,11,46,14,-48.5
1,-10,-20,-3,23,-35,-17,-19,41,-35,-17,-3,-4,-8,42,-20,-18,-46,-14,-13,45,0,-16,-2,33,15,48,5,42,9,-34,6,49,-3,19,-12,-22,-49,-15,-32,34,18,-19,-21,26,-28,-25,-43,43,-22,-40,4,28,-5,-49,-24,26,16,-3,17,-26,13,39,39,26,8,-24,-46,9,11,39,-42,45,-30,-47,21,-8,-21,-6,-49,7,5,5,-50,16,-28,-24,-43,38,23,-10,28,-49,-21,17,28,37,9,-2,-39,-81
1,-30,-14,-30,31,6,-27,-33,15,-32,12,-18,-9,33,3,-9,-36,-9,-17,38,-21,22,-23,23,-10,6,-45,34,-8,15,-19,-30,1,17,-10,-19,40,-21,-1,-30,-36,27,2,5,9,21,13,-11,-39,12,-24,-10,-50,3,30,-10,26,35,-27,-33,-1,4,-47,50,37,-41,-19,-8,-11,30,12,-31,6,30,24,31,0,-48,36,12,15,28,18,-19,47,-3,21,22,49,10,6,-3,30,9,-37,-18,19,-40,25,24,-130.6
1,6,-48,43,-39,-1,-18,8,49,-15,-41,-24,16,37,11,47,33,-43,-17,5,22,9,-40,-31,-46,-15,49,-14,-47,-42,27,27,14,30,19,-9,-22,-49,15,43,-48,24,36,18,-24,-4,-20,-42,-31,-21,-21,42,4,-45,27,8,-9,25,44,-6,-1,21,-29,29,-34,6,-31,-40,-27,0,19,-25,-27,4,9,-35,16,5,-27,36,0,3,-7,-47,8,-31,11,15,10,5,-41,25,42,47,3,-43,2,-12,34,-8,-54.6
1,38,2,17,27,23,43,42,-12,-37,31,-27,14,50,16,17,8,1,-22,39,27,-1,48,1,-10,10,20,-37,29,-43,47,-30,11,-36,3,-13,37,-5,45,-25,9,26,-36,39,25,-3,5,49,48,33,38,-9,48,1,42,-13,-39,12,-34,40,-15,29,-41,47,44,-22,50,30,-10,45,21,15,20,36,3,-40,49,-43,-41,46,7,13,-14,4,-37,45,42,41,-28,24,30,7,3,5,-31,-4,34,-31,42,-27,222.4
1,-37,-21,38,-1,-36,-10,-25,-38,-37,-50,24,20,13,27,-26,-7,-13,32,-17,9,5,30,32,-43,-16,-49,-31,34,37,-39,23,50,-10,-24,-36,-30,-18,-45,49,-4,-44,22,-35,-15,-36,-11,28,1,-30,28,26,26,7,8,-1,7,-25,19,-9,-39,30,-37,27,36,-44,41,-45,-12,12,-47,34,18,-9,50,-47,6,-46,-3,23,42,-26,-1,-17,31,-44,32,-12,-19,0,-5,-8,46,-26,-32,31,-20,25,36,19,-68.3
1,-14,5,-32,21,13,34,-10,35,39,37,7,-4,28,-45,29,-26,28,10,-22,25,-40,23,33,22,48,17,3,44,-9,-46,12,-6,-24,31,31,39,-20,-30,23,-32,23,46,-20,0,-49,-42,25,-5,-15,-48,-30,-39,-8,19,33,-11,-14,-15,49,27,-10,11,37,-18,-43,17,-30,-13,3,9,-28,-24,4,-32,-8,5,-23,33,17,12,2,3,-11,44,-29,-29,49,7,-27,47,-50,-21,-27,37,11,47,-30,31,-50,158.6
1,-11,-11,-28,-19,43,-44,24,-36,-17,-28,-3,11,24,50,50,-17,-30,38,48,-6,-40,45,-6,-11,34,47,50,31,33,-4,31,-28,1,19,3,-41,-9,43,-27,25,32,-14,-49,5,-15,18,5,-28,5,2,16,15,-38,26,20,47,22,-15,-7,-29,31,40,-41,48,-26,-22,-44,15,38,47,-45,19,-18,-43,-27,18,25,28,40,46,47,-29,-24,-42,47,46,-46,-16,47,-37,-29,-7,-48,-20,-10,-24,9,-4,8,128.2
1,-4,-8,13,-36,25,20,-47,-8,-40,-2,48,-45,-6,35,48,2,-3,43,-27,-3,5,-14,19,48,-45,15,-13,48,40,34,5,-49,-25,-32,32,16,4,36,24,-19,50,-13,-48,-41,-29,-50,11,-16,9,0,32,-36,37,-34,-39,8,31,-1,5,21,-18,-40,-12,-27,45,-30,6,-36,22,-21,-5,21,17,-2,30,4,-36,-44,39,23,-27,20,37,-41,36,49,-17,-18,-37,38,19,-39,14,-43,-50,8,-23,6,23,27
1,15,36,34,-15,-32,48,31,22,-39,3,10,35,26,46,-13,1,-3,-49,34,-4,-36,22,-36,-25,-49,-29,-24,10,-36,32,49,29,-17,-2,30,-33,-4,-24,40,-27,30,-35,24,-29,28,-39,23,41,29,6,-14,44,44,1,35,46,-12,-40,-29,3,9,36,48,8,-17,28,26,-5,-47,-19,19,-1,-38,-8,21,6,-31,-7,-3,49,15,33,8,-25,-17,-8,37,-12,-31,24,41,28,9,4,-49,8,-19,-7,-47,-9
1,-49,24,22,-34,3,30,37,-42,16,46,5,14,-23,-12,-29,-32,-13,-21,21,25,-2,-6,-19,42,19,36,44,-24,33,-48,46,0,27,-17,17,46,30,-31,-47,-5,-35,9,25,-42,13,12,-24,16,41,47,-9,-11,-44,-12,47,25,-27,6,17,23,9,13,-28,-15,12,39,47,-9,-42,50,36,40,-26,10,48,3,-29,40,-31,-38,36,-24,-33,42,14,-37,-18,4,20,15,-24,-22,44,-36,-21,6,20,42,47,32.5
1,-6,41,-1,-17,32,-42,47,-16,47,36,-31,25,21,-5,8,-22,26,-13,-24,-21,-44,41,-29,-50,35,-15,46,-10,21,37,-48,-36,-6,1,-3,-25,-24,-7,-25,-28,45,-5,47,-19,40,-30,9,-19,7,1,10,14,-8,-3,-20,-24,-1,43,-18,-31,-5,-16,-16,5,2,-3,-4,28,41,22,50,1,-34,12,33,22,32,-43,-47,-12,9,-21,18,-50,27,15,43,42,-27,41,-40,-16,41,-40,40,-8,8,-15,-31,136.4
1,-36,23,35,15,5,-38,-3,-23,10,5,47,15,-37,-25,49,30,18,-21,-12,9,2,-22,-14,3,-32,-4,-8,-23,-47,-7,-4,-33,-34,48,-1,21,-41,46,14,-14,0,10,-50,-21,2,15,25,-31,45,-38,-5,-38,-10,31,15,-25,43,-44,2,13,-34,14,-4,-18,11,45,19,-13,41,-17,-11,-44,9,-11,-14,-40,-47,-40,-20,14,40,-9,27,-21,-29,-9,-30,30,-36,22,-8,-20,-48,39,-22,13,33,13,16,-5.7
1,-11,12,-46,-4,-29,-41,-2,-19,30,-26,-23,-7,-37,18,-31,-41,5,-23,46,-15,-9,-16,27,-13,-14,-19,15,49,-36,-23,-19,3,40,-15,15,27,-5,29,-43,-26,20,-49,-17,-1,-15,3,8,41,-4,-30,42,37,4,18,-27,40,50,4,4,30,31,35,49,-14,37,-20,-38,-19,-42,37,-29,28,38,4,-23,-28,23,1,29,-32,21,20,-46,41,-46,44,30,20,-3,-50,-1,45,35,-37,-20,21,-7,-41,18,-175.4
1,2,46,39,46,-1,-41,39,-13,32,-10,-34,-50,27,2,-46,-16,6,15,-37,-25,-39,30,-10,22,-19,4,19,18,13,28,-14,31,-11,41,27,38,50,15,-26,-2,21,-44,-2,-36,9,-32,-2,31,33,-23,23,11,-43,-38,-18,-12,-18,-50,-45,46,-6,-43,26,33,15,-32,-14,14,0,11,28,-30,-17,-25,-16,8,-40,32,-11,43,26,-39,-31,33,40,-32,-30,39,35,42,34,-21,16,-25,28,-20,-6,-36,10,16.4
1,44,-9,-12,30,24,13,31,-18,23,-22,-13,-18,-47,-36,-33,36,-47,-15,22,42,-30,14,-9,-35,-21,-17,9,-25,-7,23,35,-14,-37,-28,32,4,2,12,2,41,41,39,-28,44,19,-44,-4,-12,-9,-33,47,-23,-3,-13,-42,-8,-14,18,17,29,-10,2,31,-30,-10,13,24,42,41,42,33,31,-4,21,-9,-36,27,37,2,-32,20,-36,-39,-33,2,-30,-25,4,4,43,-17,44,-40,-37,30,0,26,-31,-8,-77.4
1,17,-40,41,-37,-28,11,-30,-14,-12,-44,5,6,-7,19,-17,10,37,3,1,-9,-44,-7,24,17,-31,3,-38,20,-21,-18,28,12,-42,18,-9,-19,-22,12,-17,16,-16,38,38,27,-27,-29,-48,26,-10,4,33,-37,47,6,-4,33,26,8,2,-46,6,46,-18,15,-21,23,12,7,-50,45,40,-15,-1,27,-39,22,14,-36,-37,21,18,47,34,-20,-32,-21,-38,44,3,-20,14,-41,42,12,-10,-30,-15,-49,28,-105.7
1,-15,46,-17,20,-6,26,-2,32,-10,12,46,27,46,8,10,-25,26,5,-46,-14,24,-50,50,33,43,12,39,-38,13,40,6,14,36,39,-50,46,-19,-2,28,-13,26,-11,-37,21,13,-11,12,-12,44,16,-10,-17,17,-44,33,-25,18,21,-13,47,11,10,10,-4,-36,10,-43,-5,24,1,32,-1,6,11,36,-32,50,-2,-27,9,30,13,43,-4,19,25,-13,-48,-5,25,49,22,-50,-25,34,-36,1,42,-24,160.7
1,-25,-8,24,-10,49,-15,-24,33,-50,24,-45,10,3,-15,-32,16,-47,9,-48,23,20,-7,-13,-8,-7,12,-25,-26,30,33,0,-46,-25,40,-40,40,41,-48,22,42,26,-6,-33,46,29,-49,-23,-2,10,46,-30,46,-45,-26,-13,-36,36,-21,-12,15,-39,4,-15,-14,-40,-38,42,-50,-36,-20,42,7,-10,25,-32,-32,26,-5,-18,-49,-44,-31,48,-39,-7,-16,43,45,13,-20,-24,25,1,11,27,11,-11,-15,11,-62.6
1,4,15,-31,27,-46,44,45,39,-14,-45,-30,-13,28,-11,-16,40,-2,19,32,-7,48,28,19,-12,45,46,-35,-29,-15,0,-1,5,31,18,-19,1,-23,42,-11,13,47,-25,17,24,-19,-50,-21,29,-15,27,38,-17,-29,6,21,-35,2,2,-13,3,18,36,24,-36,-31,21,15,-4,12,20,26,-26,46,-8,14,43,-8,44,-13,-6,-14,-25,-7,7,31,30,-11,49,-18,26,-33,16,-23,41,31,-4,-23,-39,8,71.9
1,39,32,50,29,-7,-9,-7,-15,0,-48,22,10,-12,47,-48,12,-6,32,-50,-42,30,-8,-24,-4,-15,33,-24,-3,27,-13,-46,15,35,21,-6,-23,28,3,12,-23,5,-50,3,43,13,5,-30,-44,-13,-30,32,-34,-22,24,-22,13,-28,4,-41,49,8,31,-20,-42,1,-10,-14,-22,43,14,-28,-3,14,25,-45,-23,47,-24,50,-17,-38,31,-35,-43,4,-6,20,27,14,-4,-9,38,-24,21,47,-7,-40,-18,-13,97.2
1,-48,12,9,-35,-24,-50,38,-31,47,-37,-32,-21,42,16,-40,49,36,4,-15,12,-32,31,-47,-45,23,-10,18,32,1,16,-32,-31,-22,28,-15,4,-6,-28,-11,-10,-49,-27,-15,9,39,-5,-26,25,16,9,-48,0,-45,22,-29,-6,-38,40,-25,13,5,-7,32,33,37,33,-48,-20,21,-9,20,22,15,21,-19,-31,-34,5,10,-2,30,13,48,35,-50,-32,-22,-38,-43,-31,-9,-21,12,40,-39,-35,-12,31,-5,-53.3
1,-41,-29,32,31,2,2,28,-12,-16,49,48,32,28,-24,29,-22,-23,14,-28,-45,-13,-43,-37,16,20,-48,-6,35,-44,-26,46,-35,-39,27,13,14,46,-10,-49,-21,-45,15,28,-1,42,-28,-6,35,36,16,6,-27,-10,19,39,-41,-13,-18,10,-6,-28,-29,9,-16,15,-29,48,10,-22,15,5,50,46,49,-2,3,-29,42,-47,-44,-26,10,46,14,45,1,-11,-18,33,15,-8,-45,2,-50,-45,-34,39,-48,-8,14.9
1,33,-17,14,32,45,12,46,-2,33,4,1,6,-6,-40,1,24,22,-49,-38,-47,1,-7,-5,-28,45,-39,-23,-39,16,46,-31,-2,45,33,46,39,-5,42,-48,44,-5,-30,-1,5,47,17,-22,18,-16,-44,21,1,-1,32,-11,-41,44,-18,37,-25,44,-44,24,38,39,-15,-7,50,-24,-39,44,-13,-19,-42,42,-22,25,36,46,26,42,-17,-24,-44,-36,16,33,24,48,19,50,8,-9,-11,-39,47,24,-30,46,86.5
1,17,-18,5,20,13,14,-22,7,-12,-37,-31,-37,22,2,-44,-6,-18,-12,-24,23,-49,46,-12,9,-48,27,21,49,-34,41,45,-1,-28,-1,36,2,29,-37,25,-33,43,44,47,-20,-39,19,25,-6,-44,-50,33,-42,12,-30,-17,15,13,-47,13,29,45,-27,45,33,-11,30,-50,-33,43,26,-50,1,-15,14,32,-37,-18,6,7,-45,-28,-11,30,35,-25,-38,-1,38,-34,28,-18,27,18,-24,9,-44,-45,-24,40,-64.6
1,14,18,41,-35,19,4,13,32,2,-32,-12,-27,-10,-7,-48,41,-16,-35,-11,-29,48,34,4,24,1,30,49,-27,2,-26,-38,-35,8,-48,47,-23,-28,9,-42,-9,27,-37,14,34,-28,17,24,7,-2,30,28,-5,13,48,35,30,-6,33,-48,46,24,-36,-40,-19,34,24,-26,-45,-18,-17,-38,26,-38,27,-25,-16,-41,49,41,-27,28,-15,18,-44,49,2,36,-8,-50,4,-13,24,19,-36,22,2,38,46,-27,-51
1,36,45,-14,11,-44,29,36,-9,4,1,48,27,45,-18,-6,-49,48,12,3,-11,12,-43,27,-48,-8,41,24,44,-6,19,33,-21,14,-32,41,20,13,-8,27,-34,43,25,43,38,23,-14,5,20,14,-43,-41,-24,31,2,-22,-28,-8,18,-35,36,-14,15,31,16,33,21,-48,-4,30,29,12,22,-31,5,9,9,7,-37,-22,-29,38,-47,-37,18,5,-43,41,13,25,22,-36,27,-14,46,-41,36,-18,-39,48,148.3
1,-39,6,-25,0,-8,-4,25,-50,-47,5,45,41,-8,49,20,26,-31,27,16,-1,-33,-46,13,44,-44,-26,-48,8,7,30,5,-16,-14,31,34,-6,-24,9,-6,46,-37,-12,2,-29,-48,-29,47,39,14,-21,-13,31,50,16,-9,-45,41,-7,-20,-3,40,35,-3,-25,-19,-19,-15,-26,6,29,-31,19,33,-12,6,2,9,2,-10,40,31,-7,-14,30,-42,27,2,49,37,32,-39,26,-18,9,17,14,6,-49,38,-64.3
1,-39,30,23,-4,-22,-40,-49,-4,-14,3,2,-25,-50,45,11,-4,20,-46,14,-16,41,-5,-4,-18,-6,21,49,-43,-24,50,11,-13,-5,-17,33,-11,-6,34,36,30,-48,-13,21,-48,-18,48,-1,18,-49,-38,-49,8,-26,-3,40,18,34,38,-9,-41,3,-49,-38,14,-50,45,-47,-40,-6,39,6,-37,-25,-24,-35,-27,41,-20,41,42,-41,9,0,50,-45,-45,17,40,44,24,15,-38,-9,28,27,-9,-12,30,-32,-116.5
1,-1,-16,24,12,-25,17,-7,-35,7,24,22,-36,-1,-20,-20,-2,-48,-14,31,8,46,4,-28,-43,11,16,0,18,-46,46,36,-31,-21,-24,31,-29,9,-27,-14,32,13,24,46,-39,-46,43,-25,23,-22,-45,-20,40,-25,-32,13,36,35,-37,4,5,-42,-45,24,-46,-19,-30,42,6,-41,44,-13,23,17,50,34,-13,42,-41,26,-31,31,-45,25,-44,41,-13,8,-9,-34,28,46,42,34,-15,46,31,-29,3,-13,10.1
1,-20,-4,24,-48,29,23,3,33,-20,-22,8,-35,-42,-20,40,31,-30,-23,-11,11,-7,-34,-28,-50,16,-27,46,-3,-6,-36,0,24,-24,40,-7,22,-21,12,4,9,40,28,25,14,-43,-20,-39,44,-27,-34,-30,-17,-18,-42,-17,15,-19,46,28,-9,-41,-23,-35,-14,-34,-26,-43,-39,36,-23,21,-9,-46,-39,-46,29,-9,-35,22,15,-19,9,48,-20,17,47,11,49,42,-12,-11,-49,15,-30,-47,-3,-6,27,9,-142.1
1,46,-47,46,-14,-43,23,-9,2,30,-28,41,-40,-30,-1,24,-34,-35,21,27,30,12,-36,36,13,-5,-45,-18,8,-34,-42,33,-39,-39,28,-36,36,-34,5,-13,47,-7,44,23,-21,-8,-3,-5,-26,-33,38,-47,29,18,39,-42,-38,11,-10,21,27,-35,3,4,-24,48,18,28,30,39,32,-8,49,25,-35,44,-33,12,-11,-9,-5,43,-40,40,11,16,48,-11,-24,-46,-41,19,36,-21,39,-39,43,-27,40,-12,-66.1
1,28,21,31,26,-5,46,20,-22,-27,25,-15,18,17,-4,7,44,28,-29,-17,-47,42,-42,-12,27,-13,-24,4,46,-35,-41,-16,44,-4,31,-15,8,-8,21,36,15,-5,38,49,29,50,-29,-12,27,-42,21,-4,16,30,34,-42,33,26,-21,-5,42,-12,-5,1,1,-25,36,-42,-17,7,10,48,18,-3,12,-38,-38,-1,1,39,8,38,-16,40,17,34,49,-34,-24,-23,-23,-33,-19,22,18,32,13,-31,6,46,26.3
1,26,-34,9,-40,-21,37,-28,-42,-15,-11,47,43,-23,48,-1,10,-3,-3,-8,23,-10,19,6,-13,-44,40,-31,19,-41,25,-20,1,7,39,11,3,-9,0,11,27,39,-27,-15,32,37,34,-8,-50,-20,0,23,-14,-31,46,24,-25,35,43,11,10,-17,41,-39,7,-4,-12,26,37,4,-48,13,-41,-25,49,41,29,-2,49,29,29,-1,-33,-36,18,-38,4,9,48,-4,-31,7,-4,27,-16,19,39,-11,-6,-9,36.3
1,43,-4,-46,-49,-13,19,9,-35,-34,7,10,11,22,28,-8,-45,6,46,15,3,-42,0,27,-30,43,27,39,31,-35,49,-28,-42,-6,43,26,-3,-23,-16,-21,-41,8,39,-13,-21,-18,29,-15,39,-10,16,-43,-2,32,0,18,25,-23,-28,5,-42,-30,-7,33,-20,-15,9,28,-22,9,23,-12,-34,11,-9,-4,10,-31,-3,-36,9,-38,-29,24,44,-12,-43,18,15,-20,40,-11,0,49,-28,31,-16,31,-26,-22,75.3
1,-11,47,-18,6,-27,23,18,33,8,-36,13,-33,43,35,7,2,39,14,-30,3,44,26,8,-6,24,30,41,24,10,-36,-48,16,-40,-50,38,50,24,-29,33,-19,-49,-5,-36,44,46,21,-5,34,-49,-19,-48,45,-44,11,-46,-3,-44,45,37,-17,25,5,49,1,6,2,1,-21,23,50,-24,24,-40,-9,-17,23,28,28,-28,29,-41,-25,-10,32,2,-6,45,8,-45,32,41,-4,-14,5,48,42,-44,-36,37,136.4
1,-5,-37,30,35,-27,37,-33,46,14,46,-32,-41,21,-41,-35,-32,-23,-25,-37,1,-20,45,-42,-7,47,13,-10,39,-14,-30,-9,-3,-17,-30,-18,-28,-44,-1,-32,-13,-40,-48,-4,31,28,11,16,21,36,29,-29,33,-11,-21,42,-49,9,48,40,45,-33,48,-9,0,-33,23,22,41,39,6,-23,49,-26,23,-4,18,50,-39,-12,1,6,10,50,11,5,41,12,-37,38,-32,-43,-46,-35,-35,-30,49,4,43,39,-17.6
1,-8,-36,-35,-9,-11,4,37,-44,-31,14,-5,21,-31,21,-14,-4,-25,44,-43,-11,31,-25,-38,2,-44,-23,22,-45,32,-20,44,40,-5,-41,-20,0,-21,33,-28,-1,-38,-17,36,-19,-47,-29,-7,46,-36,1,-50,12,-8,29,-37,-1,23,1,4,-30,-2,-3,-41,9,-28,-44,-42,2,39,-20,-50,-49,-20,36,49,50,23,-8,45,4,9,11,-35,-50,-10,45,-1,-38,-39,-48,-18,9,-34,-43,-33,-12,-37,42,6,-159.1
1,-48,39,-28,20,-32,-43,-16,-33,-3,26,29,-50,-16,-45,-35,-15,-5,26,0,-27,37,-31,-29,-38,-15,-21,-21,-11,-8,-29,46,-40,-41,-33,-4,44,42,31,-40,-12,6,5,-46,7,11,36,8,22,11,-43,46,-37,-24,33,-25,-23,-39,-29,17,-30,-42,-22,47,34,-39,-7,27,19,40,3,23,-39,-42,27,18,-15,12,42,-44,39,16,18,19,42,1,10,36,-22,31,2,-36,5,-4,28,-12,-27,37,-36,43,-223.9
1,26,-16,-19,37,-42,-42,-29,-7,-14,29,-35,42,-6,34,10,-48,-50,-31,38,45,17,-45,26,-29,-33,3,-24,-10,-11,-44,49,31,-10,-20,-17,-2,-46,-30,41,-10,50,23,48,-7,-28,7,-39,-28,-7,49,33,26,20,8,13,37,-40,39,44,-35,46,42,12,-49,-29,46,0,42,-35,-44,-18,-36,29,-21,-26,-50,3,-15,39,12,-50,-12,-13,20,46,16,7,23,5,-34,4,-34,-43,-34,-33,46,-39,-17,37,-62.5
1,-24,-10,35,-43,35,31,48,2,-17,-18,-44,11,49,-6,14,19,-44,-21,42,-5,0,-43,49,-18,-36,-36,-34,26,42,-1,13,35,5,-3,8,-10,-23,5,8,-24,37,14,3,36,25,-34,-30,-3,-4,28,42,12,35,40,45,15,21,-40,-43,-22,-25,20,-38,31,33,20,37,27,-26,-40,19,28,-10,-28,-21,-36,-12,-35,11,0,43,-32,29,-7,-42,23,-43,-5,-1,-36,23,-10,0,2,-30,-17,38,23,26,-45.8
1,29,33,-6,-28,-27,16,-33,-47,21,-18,15,-30,-26,-1,49,-17,7,-13,-44,18,2,38,-43,43,-13,9,29,-14,-38,-32,-39,41,-50,-28,-38,40,38,-21,44,8,-23,-26,-5,-33,23,-41,0,47,-37,7,14,15,-6,-13,-27,-3,46,19,34,25,37,11,15,37,33,-6,27,-13,-11,-14,11,17,10,22,34,-18,32,-50,-22,45,7,9,-25,-50,46,-35,-37,8,34,47,-18,20,-26,13,-28,23,23,15,26,-64.5
1,-38,-50,-47,-5,10,25,45,9,-28,45,3,-34,1,-39,-42,-33,24,-27,-19,-19,-44,44,-21,-8,34,42,14,-27,-19,-21,49,-7,46,-49,4,6,27,-2,-36,49,-7,17,32,10,-5,6,-6,35,29,-9,-35,1,-50,-40,9,35,18,39,-43,49,-33,-45,-43,30,24,11,-15,-34,-41,-35,-36,-32,-2,12,-6,9,-33,4,-7,12,45,-26,29,46,-16,-47,30,-48,43,3,17,26,-26,25,5,48,-49,6,-37,-143.2
1,-40,21,45,45,-31,-28,-45,28,-44,9,38,-16,4,-39,30,-35,-4,33,45,-36,-9,-37,31,-33,-13,-29,-12,-49,-27,45,-36,50,15,25,11,0,14,16,45,20,-26,32,-47,-6,43,-1,9,-46,-18,-31,-32,23,49,16,6,-14,37,45,-13,-41,39,-33,-41,-31,9,20,-14,-28,-49,-20,42,42,28,11,-48,-14,27,-23,-43,-42,-37,42,-3,-39,7,20,-3,-40,14,0,36,-32,18,11,-47,-24,47,-11,-2,-75.7
1,48,-15,-45,40,29,-18,8,32,-42,35,39,-34,48,30,-20,-41,-13,16,-28,-3,46,23,49,-37,-10,10,33,-18,6,39,30,4,-27,35,-41,19,-34,17,0,42,-33,-12,24,-35,-33,-47,41,-30,19,-38,-17,14,1,-18,-7,41,42,43,-28,-3,31,18,17,20,-32,26,-12,-49,-42,38,43,-24,-25,16,-43,-41,-14,48,46,21,26,-21,-15,44,11,-6,0,-32,-14,23,-19,-34,-44,49,37,-25,24,41,43,104.9
1,33,29,35,25,20,-34,32,29,2,-5,25,-27,-30,20,-26,-37,47,-16,14,-36,21,-48,-5,3,25,-7,-45,16,34,13,8,-18,-9,-42,-44,27,42,38,6,-7,-18,47,-18,-32,-18,-28,49,-22,7,-22,-42,44,47,-31,-38,-13,-21,35,-47,-38,-3,-23,-6,38,-14,-34,14,44,20,36,-14,18,-2,-15,2,30,7,0,24,-37,-6,32,-44,-44,18,-31,-6,47,-47,-3,25,-34,-10,35,-47,-8,-50,-17,-15,86.9
1,20,36,22,-13,-17,-44,39,30,-21,-45,-31,-7,-35,-49,-35,-28,-15,-50,16,-19,20,29,-45,36,-32,40,5,11,6,39,12,42,-10,-17,45,-11,-45,-1,-32,-49,4,-12,-6,-14,-45,9,8,-10,-24,40,-13,46,-16,-42,32,-32,14,-14,-5,-31,41,-43,-40,-20,-44,-46,20,29,-31,4,30,24,8,-27,26,13,-2,50,19,24,5,22,-14,39,30,-33,-44,-7,-31,2,-22,-40,-25,-12,-44,-19,-42,26,-41,-127.9
1,-22,-20,39,18,4,28,-41,-33,43,-42,2,16,13,41,18,1,20,35,-27,30,-46,-9,-43,31,16,-38,37,14,37,-21,23,31,9,-22,-2,29,-45,-27,12,14,-19,-36,47,44,-46,14,-40,-10,-1,-50,-31,-31,-43,44,50,-10,-45,36,-47,8,-36,-8,-11,-11,20,3,-32,-8,27,-4,-45,-43,10,-49,18,-20,16,-6,-13,31,-6,6,50,2,-35,49,42,37,0,45,-5,-19,-48,34,-14,23,-14,-30,31,39.5
1,-38,17,36,37,43,38,4,-27,-31,48,-24,50,-42,32,49,10,14,13,-33,0,29,28,45,26,30,28,-38,-32,31,49,49,9,-19,35,-5,-26,-12,15,-37,-27,13,-11,-28,-13,37,37,47,0,-1,30,-50,44,7,11,20,-48,-11,-2,-29,36,-38,36,-6,-6,20,40,18,24,4,-3,47,33,2,35,36,-12,21,32,5,36,-23,5,-4,0,-35,-35,3,-30,-21,-10,-45,-9,-25,-34,35,12,22,-32,-49,246.4
1,-25,-19,15,25,33,-1,10,-29,37,-42,-8,22,-49,13,34,2,-6,49,-46,15,44,-40,-14,-49,-15,-32,36,13,40,21,15,32,-49,-21,6,1,28,32,-12,-20,6,30,-48,8,-8,2,26,36,-33,-4,-34,-40,6,-31,-39,7,-13,14,-30,-23,-50,35,-42,18,-37,-20,-32,7,28,6,38,-16,-49,6,8,-7,-43,-17,46,-26,-5,-39,-49,-50,47,-38,7,-16,-8,27,-23,-8,-23,-15,-40,-10,-19,45,14,2.3
1,-42,1,1,-42,-32,23,16,12,30,15,-27,21,-41,-50,22,26,48,0,-17,48,43,26,-26,-16,-47,-25,-40,-41,6,-45,23,14,-28,-27,23,-10,46,-46,18,-8,20,41,-38,-5,42,0,-29,39,50,4,2,42,46,26,43,49,-50,-48,-42,6,-43,31,36,46,21,8,-14,-18,-21,-47,-10,49,11,-32,-41,2,18,-20,-44,18,0,8,-25,-4,50,-33,-40,50,-30,35,-29,44,16,-44,40,-48,-19,42,-50,-158.9
1,10,45,-9,-26,-29,9,-17,23,-23,14,-5,11,30,19,36,-25,18,-47,-48,-17,40,37,-30,-1,-32,44,-12,-30,41,-21,38,-34,41,-22,-10,-39,3,-11,1,-4,19,12,-44,-1,-19,9,-10,15,-22,-8,15,34,-21,1,-18,-3,-6,-13,18,-50,16,-29,-34,-28,-1,-28,-50,18,12,1,-36,-20,-38,37,29,-41,-5,-31,25,-11,11,-45,-28,6,6,-29,-47,17,8,-13,17,40,8,0,-38,-44,22,-38,-10,15.8
1,-17,-21,4,14,-43,-9,-42,-33,2,44,8,8,-29,13,-4,27,-32,17,30,1,-26,-34,35,31,24,-16,9,-4,-45,-13,37,-45,16,-44,19,23,-37,-7,40,16,-13,-3,40,8,26,-15,-50,11,19,31,-39,43,13,46,-11,-13,-21,48,-1,-49,-16,-49,-44,50,-42,-9,-11,-29,34,45,3,37,-42,-8,-40,34,-6,-39,-6,-38,8,6,21,-30,-33,-40,-27,-37,-43,-11,-36,-42,-10,37,24,-2,-23,-38,20,11.4
1,27,-43,39,-20,32,-19,-10,15,25,-33,-41,37,25,-19,-27,12,-36,-17,1,-23,-9,40,-43,-35,-20,44,39,-6,-30,-49,30,14,25,19,44,6,16,-17,37,-44,-33,12,9,8,43,32,-31,-43,-35,-13,-50,-28,-24,-42,-13,-28,-49,-25,17,39,43,-38,2,-17,-3,-5,5,-38,-6,-8,-32,11,-47,27,-31,13,9,-46,-14,-10,-43,-48,12,-16,-40,15,-28,-38,40,5,17,-1,18,-32,32,-36,13,-13,44,-18.8
1,23,-5,-39,-16,-36,5,-31,-7,30,40,29,-31,48,32,-3,48,8,-39,-31,-14,17,-9,-48,32,-42,-30,14,39,-1,17,32,-28,28,10,-28,42,31,-9,-49,10,47,-4,-5,44,44,42,41,2,19,27,38,-49,-33,41,34,42,27,-3,-4,43,30,45,31,-27,-30,-48,-36,-50,-41,32,-24,-45,-22,21,16,-29,-22,-28,23,47,49,-23,14,32,34,-3,-11,-24,10,2,-32,-45,-4,49,-22,-18,-50,-41,-18,-29.4
1,26,41,-26,32,-32,45,-3,-10,39,19,29,35,-16,-45,-36,32,5,12,-29,32,-29,-11,50,-23,35,49,5,33,15,14,31,-9,5,-46,39,-11,49,-15,29,3,20,-26,-13,-47,-21,1,2,35,29,23,16,-50,-39,-19,44,12,46,-2,-40,11,29,41,18,50,45,6,-12,9,41,34,-39,-24,-43,-36,47,-48,-19,-2,3,-40,37,-32,27,14,-34,20,42,-39,34,-49,-12,-22,42,-45,-23,2,11,-18,-40,204.3
1,-33,32,38,-6,39,-49,-44,7,49,4,-40,-42,-10,45,1,-47,-40,37,45,-28,21,46,10,15,3,-18,9,-46,43,41,31,27,22,18,37,-24,-15,43,33,-17,-4,43,-42,2,4,9,5,14,-4,-35,2,33,27,29,-3,-21,-40,-45,50,19,12,30,-5,50,-37,48,42,-2,40,25,-3,-49,-17,5,-31,3,-36,24,-33,10,5,-15,-42,-19,-37,5,-24,40,-23,42,9,39,-13,20,5,0,18,-4,14,64.1
1,-27,37,-39,42,37,16,-40,-11,30,1,6,-45,-45,42,-37,-47,21,-15,-21,11,12,-29,-31,0,-26,5,21,25,-28,-33,-46,-38,-47,-35,-47,40,32,30,-21,-23,-20,1,50,-14,-42,-38,-45,-4,-37,-50,-44,25,38,42,42,-38,-4,12,37,-15,29,41,-3,-1,23,-34,-46,4,46,50,-3,-24,1,-4,-22,-25,-25,-17,21,-46,-17,-7,30,-29,-16,21,50,31,49,36,-35,28,-8,-22,43,-36,-6,47,-16,-145
1,-11,47,32,-19,-37,44,-25,-46,35,8,26,40,8,-32,-15,-5,-31,-45,-6,50,20,46,31,-3,-13,25,-45,-32,-32,19,2,-27,15,50,-29,-6,10,-4,-2,-40,21,40,50,-22,25,-50,-11,44,22,-1,9,-8,-40,-45,5,-37,30,11,-19,14,-21,0,37,10,-1,24,-47,25,-30,-33,36,41,-43,1,35,-2,2,-27,-9,-27,-12,50,15,-2,-46,-30,11,0,-3,43,-37,26,-42,16,-49,7,-10,-46,49,36.7
1,-24,38,34,-34,11,-50,-50,-42,2,40,-1,-8,-23,-36,23,-9,35,9,-49,-16,-45,10,-37,-3,18,-4,-2,42,36,-32,6,28,-44,-11,44,17,-11,44,26,8,-1,41,16,26,-45,-12,33,40,48,0,41,19,-40,-47,-34,-6,-35,14,-49,17,33,7,-6,5,12,-13,-29,18,47,13,42,-5,4,7,37,-25,11,19,-36,-26,-31,21,44,46,-9,-41,-45,6,-11,24,-27,38,47,17,-8,9,-46,-20,43,-1.6
1,17,9,34,-38,-38,-44,15,-13,-17,-16,-32,8,-31,5,-33,31,46,43,2,-32,-19,-25,-9,36,-28,24,44,-3,-6,40,-45,-39,-1,5,40,-23,11,4,-19,44,4,-35,-33,23,20,-16,-31,-18,-24,22,0,-26,13,41,26,1,14,19,14,-42,9,19,36,24,-27,25,-50,0,-22,48,-40,33,-38,-23,-29,-1,-22,-43,31,-30,29,-20,-40,-43,-30,36,9,0,5,39,-26,30,8,-41,3,31,34,-31,-19,-98.1
1,-38,-33,-9,11,46,-16,32,-6,12,39,-26,-1,-17,4,9,-43,-10,-5,16,41,50,4,-36,-5,28,-26,48,-25,24,33,6,36,50,13,-38,12,13,45,-45,42,-1,-20,-10,-1,34,49,6,41,-7,38,31,-42,-43,11,-31,36,35,33,-40,-25,16,-18,27,-19,11,40,43,-27,0,15,-36,49,45,-30,-37,-6,-31,19,-16,-22,6,31,-47,-20,-8,39,-35,43,22,42,-33,-13,-27,45,-16,34,34,44,23,-14.5
1,-17,8,4,48,2,24,-39,12,9,-4,13,38,19,-7,7,49,35,-5,30,-6,-34,21,11,-31,44,5,-30,-7,-46,-37,-35,-13,21,19,-49,39,-7,29,-34,18,41,29,5,9,39,28,-27,-11,-27,-48,33,-45,23,-6,42,16,15,-39,25,20,-26,41,23,11,-25,-10,-1,-16,-32,15,-48,-41,-40,-27,-16,49,-49,8,-47,41,10,37,12,-17,47,-31,15,-23,-20,-44,47,-30,13,-14,31,38,26,46,39,152.1
1,11,-23,7,20,-13,30,-47,-49,-3,-23,-46,-47,38,7,-18,37,3,1,-33,31,-2,-27,-7,18,36,29,-35,-10,-29,-40,45,32,-47,1,-33,-44,47,-30,-43,-6,-36,29,-37,18,-49,-5,4,-29,47,-13,18,-6,11,-40,28,-38,6,43,-32,-7,20,-38,-26,23,13,-9,30,10,-23,3,20,-9,48,33,-42,50,-22,-22,-30,41,16,38,-50,43,14,28,21,36,-13,40,-22,-44,18,2,-5,-19,9,41,7,-85.6
1,3,-40,-24,44,-43,25,19,23,-48,13,9,9,45,-38,9,37,27,-47,-26,12,-10,30,7,-38,-3,25,-27,-6,-16,-36,-50,37,41,43,-4,14,18,31,-13,-14,-6,12,46,-12,25,-30,42,1,-27,32,29,13,11,-49,25,24,27,15,-32,27,29,35,-21,-15,28,25,49,-39,-28,-49,-3,-18,14,-42,-14,-12,-21,44,5,2,25,50,-35,-49,-49,6,26,28,-30,10,4,15,-6,-1,50,38,-27,49,49,-42
1,-39,50,-4,-7,-21,4,30,17,33,23,-29,-15,-36,38,-34,-35,39,22,41,-18,9,0,2,-27,11,-50,40,-2,40,38,-3,-49,3,9,-40,33,-38,40,-35,12,-21,-47,13,-7,41,29,8,-5,-34,-35,27,25,-19,-22,15,42,45,4,-10,34,-43,3,1,10,-39,12,-42,40,-33,41,1,-4,44,-37,39,34,8,-37,-22,-9,-22,21,32,9,15,-4,-33,9,50,7,-42,23,-41,-24,-17,37,38,-43,26,-16.1
1,21,48,-23,-33,41,-44,22,-10,-19,1,-16,22,29,21,3,-46,-15,16,-29,10,-19,-6,-15,-46,-31,11,-47,-45,-36,-40,31,35,25,24,18,-19,31,-10,22,28,41,22,-35,-14,-7,18,-10,-6,-17,-23,-46,15,21,-11,-15,40,16,-12,11,30,-2,-9,14,39,-35,-18,-30,12,-12,8,-11,45,-21,-30,-20,-12,38,-14,33,38,-21,3,-32,50,8,3,5,-27,41,-35,19,-46,-27,-18,44,-46,-20,-37,16,-99.4
1,-16,21,21,-21,16,41,-25,21,-6,-22,-31,48,7,22,-35,-27,46,-16,28,35,41,10,3,46,-1,1,5,3,32,-16,35,32,21,5,-40,-14,-39,-48,23,-29,-20,42,-31,37,-21,-50,26,-26,-15,4,25,-25,30,-23,37,45,29,-9,-3,-24,-9,-19,24,-39,2,1,-2,-21,3,37,0,-1,29,19,-49,-43,20,28,49,21,48,-11,12,27,17,-1,-13,-39,6,34,-47,48,31,27,25,49,44,39,-23,2.8
1,-4,26,-7,45,4,29,47,-23,-2,24,42,35,21,-19,-4,-37,14,11,0,25,34,50,-6,-3,-4,37,-29,-6,31,-40,-13,-24,36,30,38,-45,8,0,49,22,40,41,6,-24,38,19,-11,1,-21,5,42,29,-30,-49,-25,16,38,-37,-41,18,-27,-4,11,25,42,-36,-4,0,14,-6,-29,3,-50,-6,29,38,-38,34,-46,-43,-46,12,37,-26,13,28,40,1,7,15,35,30,27,-5,-30,18,-25,16,-33,192.8
1,39,27,-45,-43,27,-35,2,-19,-23,-49,-49,-50,-45,14,3,-21,-24,-19,35,27,38,-1,-22,-16,-25,23,-30,44,15,3,27,3,-21,-2,-23,22,13,-5,19,6,-3,21,7,2,-50,-41,-2,-24,-44,49,20,11,-2,48,11,-11,-14,31,49,-50,-17,-8,-30,-22,40,-3,17,3,8,-15,-42,-46,22,-19,-27,22,-9,-13,15,-3,-15,-16,24,33,-19,-16,39,-17,-35,37,-16,-36,-22,4,-7,35,17,-41,-47,-201.4
1,41,-40,-39,46,33,-41,35,-30,0,-29,35,13,6,-32,-13,-45,-35,21,10,-1,2,-4,-1,17,-9,19,26,42,-49,1,45,42,11,22,37,-7,31,-13,14,-20,8,-36,10,31,-17,47,2,-36,-17,-39,-21,2,-27,28,-32,-20,-4,10,-29,-37,-40,-35,-45,21,38,8,31,-16,46,-40,15,-31,-26,41,50,-27,3,-33,-12,36,-22,17,-13,-32,-5,-29,-2,7,31,20,21,41,1,-8,-22,-46,50,-42,-11,4.2
1,11,35,20,31,-42,10,-4,-18,-38,14,-14,14,8,-48,18,26,-37,39,-26,-13,-14,10,24,43,27,-35,37,32,31,11,37,-8,-5,-28,39,-30,-2,-16,2,-24,14,4,40,-28,6,-27,14,-14,-38,38,23,-36,-37,-38,23,41,-23,10,-12,24,-30,41,-35,16,-38,20,36,-24,21,-47,2,-16,7,-9,-28,29,15,3,31,-7,-10,-31,-27,-30,-19,46,27,-26,-29,31,49,-8,21,30,24,-1,0,9,25,53.3
1,37,-22,-24,-30,1,-17,-41,46,14,12,27,23,18,46,12,4,44,8,-20,-33,29,-40,-35,37,-3,46,10,46,-39,35,20,48,29,12,34,-21,12,9,42,42,37,18,15,5,-21,-24,25,-28,0,-45,-10,46,32,-29,32,-21,33,-42,41,44,43,-23,7,-12,39,-9,17,-34,50,-26,-42,3,42,23,24,38,15,-2,26,-35,-31,32,-40,-49,-47,8,47,36,16,37,-4,-25,-37,-48,13,19,-41,46,35,139.2
1,26,-30,43,-22,28,-19,-49,15,47,-1,-9,-39,19,-28,38,-14,42,-5,-18,-6,28,-32,40,-48,-18,42,15,-50,-49,10,35,-7,-4,-6,21,-26,25,22,39,21,37,46,-2,5,35,-49,7,26,-37,39,-31,41,24,25,9,-45,17,40,22,-16,-35,-28,27,12,16,-37,36,-43,35,24,-6,-13,-14,43,9,37,10,-35,12,23,-46,-2,-21,28,-28,38,-1,5,27,37,5,43,-42,48,4,-9,27,-11,-2,18.7
1,-23,29,42,15,31,0,-27,17,-40,-12,46,33,-42,-41,29,2,48,16,17,-31,-41,3,24,-49,12,-12,-29,-48,31,-24,-34,-42,21,-43,23,2,8,46,35,18,50,30,-34,25,39,45,-24,37,-23,44,-45,-14,-4,-5,-47,24,-1,-26,-8,-20,-34,8,-12,37,16,27,-46,40,-12,40,-27,-13,19,-11,28,-26,-50,-46,27,-23,14,-2,-21,26,9,-18,-34,-42,6,8,-46,22,-34,-42,-26,-2,1,-21,-13,63.6
1,39,35,10,42,-31,49,20,-7,15,-10,36,8,20,-17,37,-39,43,-32,-23,17,-10,36,-13,28,-49,-5,-48,-1,46,48,2,0,32,-39,-9,-50,26,27,-40,-9,-34,46,49,2,-21,2,14,38,20,41,4,27,-8,41,4,-41,-49,-28,8,13,-31,26,-38,-50,37,-31,18,13,47,28,-47,29,23,18,48,18,-31,11,5,6,-33,25,-18,10,-19,36,19,-18,-42,44,45,44,19,23,11,6,43,-22,-32,131.2
1,5,22,38,50,-6,-29,47,29,-9,7,50,47,25,25,-22,-50,-45,30,19,-46,38,12,15,32,-19,-46,-8,3,13,-14,-13,-33,-43,-26,-34,-33,-5,30,46,2,-14,12,-36,27,-48,-8,27,24,39,-38,28,26,24,-41,-27,21,-37,-19,40,26,-17,-24,9,-10,-34,25,8,-22,4,-31,-4,7,-3,11,50,-1,19,-7,-27,7,5,-50,50,45,26,39,-18,39,-30,-29,-20,3,-36,39,10,-20,14,34,-26,168.8
1,34,-48,21,-44,-34,48,-44,15,16,-35,38,-27,20,5,-28,14,-20,27,12,36,47,34,-35,-34,14,-46,-8,10,-16,-25,35,34,44,-29,41,-41,-32,13,25,34,28,-22,23,-37,33,11,-7,30,-12,-45,15,-50,5,-4,33,-32,0,-26,28,34,-35,-22,-16,-41,-1,-26,35,-17,3,-25,34,47,4,6,-41,-48,34,-32,32,38,40,-38,38,-6,9,-13,-22,25,-23,-44,-25,-7,-50,9,-32,0,33,19,-1,-35.8
1,-49,45,-18,48,-36,5,23,-34,-12,7,15,-25,-3,-7,29,7,-49,-35,36,-7,-7,8,18,2,8,-24,20,24,25,-12,40,-8,49,-29,-11,-38,26,28,-21,30,-16,10,-46,-3,-48,0,-46,21,15,6,-37,24,30,-3,-25,-47,23,45,-6,-37,50,-17,5,48,4,10,-40,47,-13,-45,26,-13,15,-3,35,-17,47,5,-47,-23,27,33,-49,6,-21,-24,9,18,-29,-48,31,37,-15,-15,34,6,45,10,2,-22.6
1,48,15,44,-15,46,-10,36,-21,-48,-44,49,-20,33,32,-19,-12,27,7,13,-5,-6,16,-25,47,17,-23,31,-28,-29,-10,-10,36,22,-16,37,17,24,22,12,-7,-6,11,23,-24,-42,-47,-20,35,-24,43,-21,-13,-26,-29,-17,42,-2,30,-37,-15,37,4,-30,8,4,23,41,-23,-40,3,20,4,30,-42,30,38,28,26,-12,21,19,-16,-43,9,5,-44,0,19,37,-20,-47,23,0,41,47,-47,-21,37,47,12.7
1,-10,-45,-17,44,35,-9,-10,-12,-31,-35,27,6,0,-40,13,-41,-19,-15,-25,50,-29,5,19,10,-46,-25,-28,24,5,26,21,45,31,20,38,-18,27,44,-14,12,-41,-38,-33,-25,39,30,-50,36,-35,-24,1,-48,31,-30,-21,2,-39,-33,42,16,43,12,-24,-10,48,31,22,25,24,-43,-14,-1,37,4,-9,-9,50,-9,-23,-36,17,-6,34,-36,14,29,-18,-8,46,-27,-43,39,2,-50,-22,-1,31,16,-27,-143.9
1,-30,23,-24,20,-25,30,-40,17,29,1,10,10,35,-47,-7,49,-16,38,-20,26,33,-31,-1,21,21,-1,15,-30,46,-20,-41,-34,20,-15,36,45,-36,12,-23,10,29,3,-31,13,-27,-22,-23,7,-35,-27,49,48,-7,-37,-15,30,-21,50,16,-26,47,26,-10,16,27,42,10,8,-31,4,-33,49,-44,-48,-23,46,47,-29,2,-39,-40,-34,25,-31,47,26,50,-25,-8,15,-1,-12,-44,6,-47,34,-37,-21,-9,52.8
1,-17,33,8,48,6,-24,-26,1,-28,-5,20,50,-28,2,24,-9,-2,-34,-10,23,8,22,39,46,28,-6,15,11,-27,44,-49,6,-7,-25,3,49,-33,-6,-35,-11,5,1,-12,27,-47,29,-32,1,45,-26,41,-32,46,29,30,24,39,-6,-16,-39,-13,-48,-16,30,44,37,-6,-39,-20,-24,-34,36,27,5,12,30,50,-4,48,10,21,38,-6,16,-18,-27,-45,-30,17,-44,48,20,25,-19,-34,18,35,-24,-5,112
1,31,2,12,16,-21,33,45,-42,-2,-44,22,-43,27,9,-33,-41,41,-10,31,27,-44,37,-9,-8,11,-12,8,46,-28,35,-10,-47,-14,18,-15,-19,-34,46,-44,14,-48,28,-13,-5,-13,4,-30,44,44,-49,-13,16,4,28,25,32,-35,-18,27,-46,33,33,24,36,-33,25,-34,-17,21,-28,14,-11,-50,-50,0,-47,-29,21,47,31,-12,-17,-37,8,27,38,-11,9,36,32,-21,19,-19,-48,4,-2,27,20,-3,5.7
1,-37,43,-40,2,9,28,19,12,49,-11,8,-5,-7,8,8,-50,-50,-5,-10,-25,48,38,4,16,-32,-28,36,-18,16,5,30,29,-37,6,48,-12,50,-18,50,14,21,-26,-41,30,-2,17,30,-2,29,36,-10,-8,24,10,-43,8,33,43,41,-36,-37,-14,9,44,8,-28,-19,8,4,-19,-29,41,-29,-20,20,19,14,0,33,-42,-49,-28,0,-9,33,-27,50,15,-35,6,29,45,42,-47,38,-35,-24,-31,23,-35.7
1,30,-34,45,21,-13,41,-10,-45,-30,6,38,45,8,27,-6,15,9,-17,14,40,-2,-31,-16,-41,27,-13,47,43,13,32,-19,-7,14,42,-37,-50,33,3,22,19,26,-24,14,50,-48,24,14,11,-43,-22,0,-29,-37,34,-20,7,-30,44,-1,0,25,-4,43,-11,-12,-45,-45,37,-26,28,5,16,20,35,15,22,9,-21,49,-18,-27,-2,3,-48,48,0,9,34,-7,24,-17,-33,-30,-25,-28,-26,47,45,-40,145.6
1,38,-12,-19,3,-43,-34,35,29,-9,30,27,23,19,41,42,21,4,-9,47,-13,34,20,-13,18,6,-22,40,30,42,0,6,-5,38,38,48,45,-47,-2,-11,-6,-23,32,33,46,-12,24,-17,42,-35,-21,46,15,15,49,-18,38,-24,39,-17,34,-12,40,-22,-24,27,43,37,-4,-10,43,40,-16,24,-12,-21,29,28,-22,20,43,-27,-19,-26,39,-21,6,-8,-28,-40,25,22,-35,14,-50,-43,-44,43,44,2,147.4
1,-18,36,-43,-18,-24,-5,-22,-46,-27,6,-10,32,30,-12,22,-16,-17,45,26,-29,-46,0,44,-31,31,44,43,37,36,37,-45,34,-12,-38,33,-20,-26,-40,-50,-3,16,-9,45,-5,-5,17,-5,28,-23,-30,50,-19,-13,43,-33,-33,36,-41,20,-13,12,25,37,17,38,19,47,-39,29,14,-26,-39,21,35,-28,-35,-33,18,43,-6,38,8,-8,-26,0,9,-43,-49,18,28,-46,47,2,8,13,-45,-24,-25,33,109.2
1,22,39,-44,-1,9,8,21,24,-9,-46,-17,36,9,41,-23,-1,-9,2,7,-42,36,-50,-37,32,2,21,-40,-26,13,-14,-44,-16,-26,30,-1,34,-47,-30,-27,-6,41,6,-21,-1,-3,-28,49,4,24,-29,12,-24,-29,25,-43,-11,-39,-32,13,25,4,-14,25,-6,-35,-26,44,-32,-40,-33,12,-50,-11,8,-34,36,30,-36,-45,-30,-15,18,-4,-28,-42,-31,11,-30,-13,-26,11,7,10,-15,18,-9,-25,11,9,-64.4
1,-15,28,37,-48,-33,-40,35,19,41,15,25,27,16,-42,39,38,-34,-43,-2,-48,-39,-12,13,-16,14,15,-49,-46,40,13,-21,42,-44,33,10,40,43,-6,9,-1,-42,50,-25,24,24,30,11,40,38,25,9,15,-37,38,49,27,2,-50,-2,-8,-21,27,50,-49,9,9,42,2,-48,-34,17,27,32,9,-34,5,-12,27,-40,-25,1,19,40,-20,7,5,-43,25,-29,-29,-34,-34,48,-35,-33,-27,-10,25,-9,83.6
1,-42,7,-43,35,-12,16,-50,9,-46,-7,20,46,11,-46,2,41,-23,23,14,-48,44,35,-32,-41,-1,-50,43,22,-44,18,29,-35,-26,36,16,-21,-32,-17,38,39,-8,7,0,-48,-22,-49,10,5,-10,40,7,-17,-9,-8,-42,40,-8,-49,-23,-36,-15,22,46,-25,-27,12,4,-9,11,-8,46,-48,15,-4,-45,43,-37,-19,-2,4,-30,-46,3,-23,-4,12,-34,4,-21,-41,-15,14,-3,-20,39,21,42,-41,28,-87.2
1,2,1,24,-29,-35,36,43,25,49,-27,-28,-32,-41,43,22,-13,-45,-17,-31,9,12,46,44,42,-8,-26,-4,-38,32,5,41,-50,-45,-20,-29,38,-35,30,-22,30,-48,0,49,28,-42,20,31,-37,19,-50,-11,47,12,49,38,-47,39,-17,33,21,5,-11,-13,-24,-15,-26,-37,0,-47,-43,46,22,7,44,-35,-18,-21,47,-5,48,47,34,44,-26,-1,-3,-23,-13,-3,26,24,-49,-36,-40,-23,-1,-50,-43,15,-16.5
1,20,-36,11,-9,-12,-30,-27,20,0,-31,31,-37,32,-19,-43,-45,30,-30,49,-34,17,25,41,-16,5,17,12,21,-16,-15,-49,-47,-35,12,-39,-31,-1,-16,5,15,3,-14,28,-50,17,1,-45,-38,22,20,45,-12,-40,1,23,16,-32,-50,-48,2,-49,-47,-29,-34,-18,-18,-14,31,16,41,-5,35,43,-28,1,-25,24,-28,-13,-39,43,49,-1,-48,-1,38,-16,-17,4,-14,1,5,-10,23,-12,-12,-46,24,-32,-1
1,-13,-20,-21,38,-27,-33,-11,-36,7,11,2,18,3,0,34,-28,49,-13,6,49,42,9,-1,-38,15,-29,0,-48,-24,-27,37,-21,-30,32,-34,-41,15,-29,-27,39,33,-9,6,-49,41,-45,-27,6,-7,-4,4,-50,21,-48,-38,-15,41,13,-47,33,2,6,-39,-12,-47,44,-3,18,-35,21,6,48,-39,29,15,19,0,39,41,43,-50,-40,9,21,29,-12,22,19,-50,-9,1,-32,47,-22,7,16,-28,20,-17,-61.1
1,-47,-10,6,-50,-32,-16,-19,37,34,-31,-7,-7,36,3,18,-28,-19,-45,44,17,22,-16,34,41,47,-38,-37,-22,-50,33,12,-47,40,34,20,-43,-33,-50,10,17,37,-48,26,22,-29,-6,45,-32,-35,4,35,38,5,19,28,-33,-3,7,-4,-3,-11,-43,0,45,41,36,-49,24,36,-23,-44,22,46,33,-40,-34,43,-46,-49,-43,-26,36,45,29,-30,-12,47,17,45,-8,-37,-50,-35,-21,45,22,-36,13,-5,-92.9
1,17,6,1,-46,2,50,-36,-16,42,35,-15,50,-41,38,10,38,-43,49,34,-9,9,42,-30,-25,-44,0,37,28,-20,-35,-28,13,21,-10,18,39,-45,32,-27,14,-17,8,13,-8,-39,39,46,-31,3,-4,10,-38,-13,30,-47,-6,46,40,38,43,21,27,5,-8,33,-28,-20,38,21,-31,1,20,-6,30,-39,5,19,23,24,-29,35,50,50,-28,-4,20,-18,-43,9,-31,50,47,12,-29,-12,-6,-41,-16,-18,117.9
1,30,-30,-1,-35,14,-21,-24,-32,14,16,9,1,0,8,1,-12,20,-30,20,28,-5,6,-7,-9,34,14,-5,-22,-10,-4,-24,36,16,25,-49,-21,-47,44,-3,-17,9,22,35,26,-20,-49,-37,16,-29,0,-41,-18,22,3,-10,5,33,35,-1,-28,47,25,-42,12,0,26,7,-31,19,21,3,45,-8,-13,20,-12,-12,-1,-46,-25,49,-37,-27,-14,-18,13,8,-35,-36,-44,-47,-40,32,28,23,-19,3,46,-34,38.3
1,39,16,-15,33,-42,22,2,-4,26,-50,-34,17,16,-20,41,18,12,-31,-25,-7,-17,-18,-37,-40,30,41,-1,-40,-6,-6,43,-18,-40,-22,31,-32,16,-18,-20,-42,49,-3,25,-20,-7,-19,15,21,-33,40,31,-34,38,44,-24,17,34,-9,-7,44,36,-14,42,12,14,22,-4,46,20,26,-47,-15,39,-5,-19,-19,-8,46,19,9,36,-1,26,23,-8,18,-44,42,-41,-1,36,11,35,-7,-28,-36,-35,18,-40,-0.4
1,1,-41,-37,36,49,8,34,46,-50,29,14,-25,-20,29,17,20,-30,-49,26,-38,27,-26,14,-13,-41,-44,-25,40,38,43,50,-11,-49,-37,41,16,-13,24,12,-47,-31,42,-21,-1,21,12,35,7,13,10,-15,-11,35,15,-8,10,22,17,-1,-25,9,-35,14,-23,-22,-29,9,-19,11,37,-15,30,29,-20,46,-35,42,30,-12,-29,-10,24,10,41,-46,-48,-34,-8,19,-19,18,45,-4,-19,38,-10,-32,-4,-12,-65.7
1,30,-17,23,9,28,19,4,43,10,-16,47,31,-10,-14,-43,47,-9,26,29,33,-40,-41,0,-46,-28,-2,8,-22,16,-46,16,-39,-47,-12,21,-3,23,41,-45,-17,41,-49,30,47,-12,3,43,29,-22,21,11,-11,-3,28,-41,19,-25,-16,47,7,-46,13,19,-43,17,-11,4,-10,46,9,-11,37,-24,35,-1,14,-46,-8,-8,-18,29,20,-13,-25,-3,-37,10,22,-3,7,-22,1,36,47,-26,-32,-49,-6,-26,18.4
1,14,19,-21,0,45,-36,15,9,35,-44,17,-34,2,-14,-30,27,-1,50,-47,-30,-4,-24,-35,13,-39,28,37,46,-4,-20,37,-41,15,-35,-25,9,46,40,-33,30,13,1,13,-36,37,33,7,-48,-2,10,-28,44,36,-47,-28,13,-2,25,9,44,21,-5,-48,-15,-24,44,44,-28,33,28,18,-5,-22,-20,-25,31,29,33,33,-24,-42,22,36,45,-9,-43,-27,39,32,-2,32,2,43,0,37,36,-7,-3,-43,-55.2
1,43,-26,-9,-47,-32,22,-21,15,0,28,-36,-7,36,2,-22,-4,43,-48,20,-2,34,-33,-21,-48,27,-4,5,12,5,-49,-15,-3,42,26,1,26,-37,-4,-43,-20,-27,-29,23,25,-11,-50,38,48,-48,7,-5,3,-10,-9,5,33,37,26,-40,-9,28,-39,5,-15,38,22,-39,17,-33,35,47,-44,22,19,31,-40,-14,18,-43,-46,41,3,-27,-19,10,-6,30,-4,-30,41,3,14,-49,24,49,5,-5,26,-28,-39.7
1,-22,10,35,-16,-19,4,-35,-43,6,-1,32,-24,-10,-50,0,-13,10,44,-34,22,30,-44,41,-7,25,15,-42,-21,26,34,1,-46,-40,-14,-12,-43,6,-31,-35,28,19,47,-47,25,47,-31,-39,6,30,44,44,9,17,34,-48,-9,-2,-40,20,41,10,38,45,20,40,-18,28,-5,2,9,39,37,5,8,11,-33,28,-12,-11,7,-19,-18,32,48,-35,34,-12,-20,10,25,-30,37,12,31,6,1,29,50,12,-20.8
1,47,8,0,33,29,-43,-7,46,1,31,-16,-43,29,-18,40,26,-2,-11,31,-6,16,5,14,2,-34,-40,24,-17,39,24,45,36,48,-6,18,27,-33,28,-12,19,-26,-11,-8,-48,21,48,-5,35,-47,42,-22,19,-4,8,37,-22,18,10,11,7,-17,5,-42,48,15,-8,24,-2,-31,28,-34,-40,-34,-25,29,4,-28,40,-12,42,31,-17,-24,-24,41,-38,-30,9,23,31,32,22,-49,40,19,16,48,-42,-36,39.7
1,-33,3,47,44,-15,38,-12,39,27,-22,44,18,-42,-24,45,-49,33,-44,-29,-43,-5,19,39,34,20,-6,-32,-48,-8,44,33,-25,-4,29,35,31,17,-28,-14,-41,0,-21,27,-25,-29,-13,-24,-47,-40,-37,-39,5,32,16,-46,2,27,-27,4,35,-34,-14,26,-22,31,10,-42,-37,32,-6,-28,49,-11,50,-27,-24,-48,-35,-20,-38,-22,-43,-16,-40,-11,-12,12,-35,11,32,50,-7,34,-9,21,14,-50,-4,-6,60.4
1,-1,6,16,-3,46,-19,20,-29,-16,35,-33,-4,-38,-26,30,39,14,35,-34,-5,-39,48,-39,5,-3,2,42,28,3,-13,-29,-49,44,3,-36,5,35,34,26,35,-16,10,47,-38,34,-7,-49,-37,-23,-33,9,-12,32,20,9,-22,38,1,-45,-10,4,43,-43,-3,-4,-29,18,-20,21,-40,31,-46,20,27,34,-31,-31,1,-17,-38,-16,8,-33,-35,44,26,-40,31,43,32,38,-3,25,45,10,37,33,-22,33,51.6
1,3,-12,13,-26,24,-11,-43,43,-25,8,42,-47,8,-35,-30,24,-42,47,0,40,39,48,27,-49,22,-13,12,-26,-31,6,-44,-11,10,19,13,-17,25,-14,42,16,10,0,19,-33,15,40,7,24,36,-44,-21,-10,-46,22,-8,-8,-42,20,17,45,42,23,-17,1,-42,46,0,33,48,-43,-2,7,7,-34,-10,-28,22,48,46,7,20,-26,14,24,46,22,33,20,-43,-35,14,49,4,13,-35,12,8,-19,-40,16.4
1,-29,-12,-26,-6,46,-43,35,-33,29,32,29,-48,1,19,16,42,-20,-13,-10,50,-40,5,-20,-42,25,43,40,-13,-33,-30,-37,-12,8,-12,-1,3,-5,-17,-14,40,31,-36,42,48,-1,7,5,29,10,45,-5,20,-35,25,-6,41,17,-17,-23,0,3,-44,5,-39,-6,-47,-20,5,-14,-17,-5,33,-37,-14,30,13,10,-15,-9,-31,46,2,6,-39,-24,50,-49,10,-17,45,26,36,-50,-20,13,-39,-17,10,16,58.4
1,-15,9,27,-33,22,-37,14,-16,-11,15,-8,8,10,44,-37,21,37,-37,-12,-4,-38,-18,-29,48,-17,-32,-23,-40,1,3,26,3,-39,-31,-14,33,49,50,34,-13,-20,42,45,41,1,25,-23,-13,38,16,-1,50,48,-13,13,47,5,6,-44,22,-42,-1,41,-31,18,-23,19,16,43,2,-48,40,-41,13,30,10,-13,-44,14,41,22,-38,6,-14,-35,36,-18,-14,-9,-45,25,-34,-30,15,-49,38,8,20,-31,-81.8
1,-33,38,38,-44,13,-34,2,-27,-30,8,37,-40,47,15,-17,-18,-3,35,-20,33,42,-15,7,-43,5,39,26,-42,-4,-5,44,-21,50,-3,-49,12,14,3,1,0,-39,-47,-24,-43,19,9,-45,-35,-7,-15,14,-15,-13,-29,-42,8,26,34,-17,38,46,43,-33,11,-10,-32,39,20,22,-10,36,-1,-7,-39,-28,28,-13,44,9,30,45,40,31,-19,-40,6,6,2,-11,5,-11,-50,-3,-28,11,3,-43,0,39,18.7
1,-5,6,24,44,49,2,32,-7,39,25,18,-16,19,7,32,17,-17,-13,39,35,-8,-7,41,-7,6,-38,20,26,-31,36,14,14,-9,-46,-27,-44,6,-46,-35,-40,-5,33,-6,-36,-10,-25,-3,-11,-22,-15,-26,21,28,-36,30,50,43,-1,25,-38,-49,-11,-8,-8,-41,-18,-36,-19,-14,-21,-9,32,-38,1,12,-32,-7,-42,7,21,-41,-3,-9,3,-23,37,2,-30,-48,-23,49,-47,-18,-10,-39,-43,22,-24,-12,168.9
1,25,5,-5,-28,-17,12,34,-33,-46,8,-9,26,17,38,33,36,-35,20,-13,-15,22,14,-17,25,12,-11,36,19,28,28,23,2,50,34,24,49,-4,-27,-34,0,-3,7,42,30,-40,-9,15,42,-40,-49,43,-2,-18,-25,39,10,-19,-10,-21,-42,-32,18,-24,-33,2,16,-35,14,5,48,30,-49,-30,22,31,-19,-38,-5,39,39,-38,32,-48,-40,23,41,21,-47,-20,50,28,-36,-17,20,48,35,-15,30,-2,79.2
1,40,27,-22,41,48,16,-13,45,-6,-2,-1,-18,11,-20,-50,21,-47,41,-43,23,37,-44,1,-49,-10,-30,49,41,-28,28,-45,-39,-29,-17,19,35,15,22,-5,-42,-30,44,-44,-3,-26,-44,34,-23,13,42,50,-1,14,-34,-34,20,-47,-35,-23,-25,9,-18,-48,30,-19,-13,-20,46,-41,25,-47,46,19,26,-8,43,32,42,36,-6,-1,1,9,30,18,26,-1,-13,7,-8,12,-35,24,-20,12,21,18,42,16,18.4
1,27,-17,-15,22,-49,-40,30,44,8,-13,29,18,37,-21,44,16,13,19,31,50,-25,40,-23,-44,13,-26,-16,-16,42,43,16,-16,-25,-49,22,-24,28,1,36,-48,4,-20,-14,-10,9,-21,22,39,14,-31,4,5,-42,32,12,-13,-45,12,-13,13,-30,-47,47,-5,21,18,-13,-36,35,39,-34,-12,-32,-31,-5,-6,-2,33,-18,29,-49,2,-17,26,-17,11,30,-46,-27,-34,-17,-7,-31,46,5,6,13,8,21,155.9
1,-37,-3,37,2,15,22,13,25,-30,-5,-44,15,-37,9,48,5,8,9,-16,-21,-2,1,-22,7,-14,-26,-39,43,37,-14,13,17,33,-35,-32,-37,38,31,39,24,42,11,-12,-46,36,-15,10,-40,10,10,-45,-43,-40,-17,-19,-3,7,-42,-45,-40,-6,18,27,-24,-1,45,-44,-14,-9,11,26,-18,-29,-37,-47,24,-35,-21,34,-9,39,39,-35,50,-29,-4,-38,-5,4,34,5,49,1,-19,41,16,42,47,-48,-50.5
1,49,7,28,47,-5,8,50,-32,23,45,18,-37,34,6,-22,-1,-7,-10,-23,4,45,-40,-42,43,-23,-45,-1,43,13,-4,45,11,19,-11,8,30,47,-27,48,-15,35,15,-36,18,37,-41,33,47,-1,-41,0,-41,36,9,18,-38,-20,-33,-46,44,-21,16,-30,48,21,28,28,-17,18,-9,18,-32,23,-2,36,9,7,-16,5,23,-7,22,32,-22,47,0,-44,-24,-17,-40,-31,12,-8,-10,-25,-38,34,19,-5,70.3
1,-33,-40,29,-15,33,-23,37,-43,0,-30,-21,39,-21,-50,-13,-27,47,3,-21,39,36,-44,25,-3,-2,31,22,11,-20,-9,-45,-2,-33,35,-1,50,28,-48,23,-23,39,-49,33,35,18,-31,-43,-20,22,-13,-31,7,-7,44,20,7,24,-9,-33,-47,-2,40,-33,15,-10,-17,-20,-33,-49,-47,-40,40,21,43,24,-11,28,32,-15,-1,35,4,-45,44,-37,25,0,3,33,-16,-27,-20,-27,-44,12,-21,-11,42,-38,-101
1,-10,11,-28,47,49,32,20,-47,9,-33,-12,25,18,43,-4,-23,22,38,28,-25,20,-39,-2,16,-50,4,44,-21,10,2,-9,16,-38,-21,12,-40,27,49,-37,-48,32,-32,27,0,-40,-28,27,-2,-41,-30,23,-5,-19,37,-39,48,-43,21,43,-17,-28,-17,49,-15,-21,-23,-39,-45,-25,42,-43,-44,-41,34,-28,36,23,50,-17,32,36,23,-23,34,-25,-46,31,-18,25,24,15,14,23,-20,49,-49,7,26,24,41.5
1,-2,17,31,-30,26,-19,-7,11,-47,-42,11,1,44,-17,-6,27,8,-36,-26,7,6,14,38,-31,-14,-33,34,-12,-10,9,-39,4,-24,8,25,18,5,-33,46,-26,42,6,26,35,5,36,-22,29,-50,2,-49,-28,-35,40,-9,-33,23,-26,-29,-37,-1,49,17,-9,7,-43,-41,28,-26,21,-48,-35,43,-6,17,-3,-21,11,42,46,-38,44,-33,44,33,-26,27,-29,-36,49,-50,14,47,18,-46,-31,-9,30,48,-52.9
1,16,0,50,-3,-8,-7,30,5,-12,-10,-3,-16,-32,-44,-33,28,5,-8,5,26,6,3,27,-31,-35,-40,41,-15,1,20,49,-34,37,14,-20,-22,-44,-41,0,-40,0,47,-6,18,19,12,-4,-27,-47,-50,49,-25,-31,25,-39,-50,35,18,-49,-14,-13,50,-32,40,13,-36,35,-15,-26,-16,-4,-10,47,6,24,15,-33,-31,38,37,36,36,-38,21,-23,40,22,28,7,23,-37,10,-11,49,0,-49,-38,-16,-47,-104.2
1,-48,18,-1,-42,-20,-46,33,45,39,-49,-2,25,4,50,3,41,-24,-42,12,-46,15,-49,34,-25,-10,-2,-9,-43,-23,25,-40,-21,-42,9,-12,-12,-20,37,49,35,4,-4,9,-43,-5,29,15,-12,37,43,-42,-32,44,42,-7,50,-44,34,-43,-17,-26,34,-22,-18,-41,-18,-14,-11,-32,-16,-27,23,30,-2,-4,41,43,-40,-22,30,-47,-14,48,13,45,-44,-21,17,6,-14,50,30,-31,44,-39,-22,-24,-3,-17,-75.1
1,-40,-3,-28,33,-24,21,46,33,-21,22,-39,-42,-9,-37,22,21,24,-6,50,-10,50,-15,-11,29,-30,50,6,-35,-25,19,-36,-15,-35,-13,35,-43,24,-4,41,-48,-33,18,28,9,31,-35,-21,-29,10,-22,11,-25,-21,17,21,-35,16,43,47,7,-22,-39,42,-41,-36,-8,-33,38,38,24,6,-45,-9,50,-20,38,-35,-25,-42,-9,-31,-14,-18,-36,-48,-48,-21,-16,12,43,41,40,-47,32,49,34,41,32,-13,-122.9
1,28,5,43,-1,46,43,-5,0,24,20,8,31,39,44,-38,-48,12,32,49,46,-7,7,36,-18,-24,-16,47,-41,-26,29,-4,18,-17,-46,34,46,47,-22,-5,-14,49,19,-34,3,-21,46,-28,41,27,37,3,36,-7,-12,-33,19,-12,30,28,-22,8,40,13,8,44,-4,3,7,24,14,43,-12,-18,26,42,11,-13,-37,-32,-37,16,21,49,-42,-42,32,27,-37,11,-30,-9,36,-41,-47,-7,-48,-35,12,9,175
1,40,-25,-32,-23,7,10,35,35,47,14,-48,-41,-21,23,24,-13,-3,-29,30,10,-2,50,18,-17,25,-13,-8,-6,3,-47,-48,-8,45,37,-15,-32,-4,37,-48,-42,0,-46,34,30,-7,7,33,40,-6,-21,-34,43,45,34,42,20,37,-50,30,-11,20,-2,-3,15,-15,-1,33,-3,-15,35,6,35,5,-45,-20,14,13,30,3,23,25,-15,15,19,35,-27,-46,22,-27,34,27,43,-18,-26,-27,-17,23,-45,-4,25.5
1,24,6,-49,8,27,-43,5,-10,-14,-50,10,25,25,11,-44,-41,-4,-21,-36,34,-32,14,10,27,12,0,-50,45,39,22,-9,12,45,-42,37,-13,32,-43,-6,34,-43,-47,9,-2,-20,15,7,-8,10,21,-25,28,-49,2,-30,13,-49,37,-26,7,9,15,-32,-31,-11,21,6,-29,28,50,21,1,19,-21,49,50,10,6,-9,-31,43,-17,13,44,35,34,-27,2,20,-3,25,45,-39,10,-37,-34,-20,20,-47,-11.5
1,25,-15,25,-25,21,-47,-26,20,14,30,27,-1,22,26,-38,-18,-24,46,5,-5,-19,-49,-31,-24,29,29,-11,45,26,25,49,0,27,23,25,-3,-8,15,33,22,-6,-25,-29,33,-49,50,31,-23,45,-15,-12,42,-48,8,-33,31,-48,7,-9,-6,48,-45,44,24,-6,-15,37,37,50,19,-26,-6,45,-39,43,12,-40,23,5,21,24,44,13,26,-33,-4,-28,36,-48,13,-20,17,19,-27,-44,-38,8,44,15,105.2
1,8,12,6,18,-28,17,-24,34,-6,15,-11,31,-12,49,-41,-37,-35,6,-15,17,-26,14,47,41,-18,37,14,-39,-40,7,-8,-16,35,48,-49,24,-19,44,-27,-9,8,12,38,46,-24,48,25,-43,3,-41,25,-7,-10,21,-16,-12,-27,14,-35,-16,-30,8,18,21,-29,-14,-6,-32,-21,18,9,38,46,-37,-1,39,-40,-26,46,-21,50,-14,22,-11,24,22,-6,47,-15,9,-20,-29,-34,49,9,-46,-50,19,-28,19.7
1,-21,-48,-2,33,49,11,-18,3,-13,-28,-36,16,38,1,-47,-23,-26,26,21,37,27,-21,-33,49,-38,32,7,-34,32,-25,-46,27,-22,-32,10,43,-5,8,-39,32,-4,-25,-37,-17,26,-33,10,16,43,47,3,19,43,-14,-17,21,-33,6,3,15,32,-27,-9,26,-8,17,-16,37,-26,-5,-15,20,20,-2,-47,-38,15,-21,28,-27,43,-20,9,1,16,42,-29,-1,-2,-10,-37,46,13,-29,-13,-46,38,21,8,-88.4
1,29,-35,43,-36,1,-44,34,13,22,30,-43,11,22,-13,-31,39,20,28,26,-32,42,-35,49,3,-6,-31,40,-35,23,-24,23,1,-43,-19,-18,8,-13,-35,38,25,45,45,-14,-18,48,-29,-30,17,49,12,2,6,27,0,-42,-29,-15,14,-14,-43,40,25,-25,47,-45,7,-29,-42,-12,-42,0,-17,19,36,-19,16,23,-32,-17,-12,30,1,44,7,-50,-48,-6,-49,-18,-4,25,-28,37,50,-32,8,-28,-45,16,74.3
1,-23,-37,-35,10,32,17,7,-2,-44,25,-3,-6,5,48,-13,28,14,-45,38,-19,-12,50,-45,-24,36,22,-6,-7,10,0,25,37,-21,7,-38,28,40,20,42,46,-6,-46,-11,15,18,-7,-8,-19,-36,-21,12,2,-22,-17,28,30,-46,39,39,15,-46,14,1,50,37,-20,27,26,50,-16,-12,-41,-12,-7,25,-45,36,-34,-48,-50,-38,-20,-32,-44,14,13,3,18,1,-9,49,-29,21,-34,-30,-27,-4,14,16,13.5
1,-39,14,-47,-30,-48,-4,45,24,49,28,27,49,6,-44,33,-22,-14,-5,-3,21,12,39,19,33,-25,1,20,-1,47,50,-36,24,13,34,45,-19,-21,5,-45,44,49,-2,42,-30,-30,-9,-35,7,36,12,-23,-36,0,12,13,-8,-37,49,41,26,48,-46,0,-23,38,-40,8,33,-19,-21,27,-20,27,-16,-34,48,-9,-19,4,-23,10,31,-43,-41,-8,20,1,-29,19,-43,48,16,28,-3,9,-19,-27,-33,-36,114.7
1,4,-38,7,0,40,7,-17,37,49,14,-44,42,40,3,49,50,11,18,-34,33,-48,41,30,-15,18,43,44,50,32,27,30,-15,40,-48,2,29,-25,35,-19,-27,-36,-13,31,-46,6,-5,20,-34,-37,2,49,32,-8,-6,-34,-40,-48,-40,26,34,37,5,-31,-8,-27,-13,-30,-2,-29,-33,-12,-15,-30,-32,-45,26,-20,25,43,-7,-23,7,41,19,-49,-43,-5,-47,-33,-30,4,20,-9,23,-38,14,26,49,29,293.7
1,47,-34,-34,48,-14,-50,-47,29,-20,28,21,-11,21,-23,-20,-10,45,-13,1,15,-30,22,-32,40,29,7,18,-41,-18,17,38,45,-1,20,42,1,-14,45,-21,17,-11,16,22,-41,10,-49,-35,4,-46,17,35,41,-46,19,31,33,-25,-36,8,-27,-3,-5,-33,46,31,-41,-37,-33,20,-8,0,-42,-42,-29,-32,18,40,-17,38,44,16,23,35,20,-9,-19,-31,-17,-39,27,6,9,39,-10,-30,19,-35,-17,36,33.2
1,35,26,-49,10,0,-27,-6,34,-38,-7,21,-45,-41,-41,6,29,-33,3,14,0,15,-9,22,-27,-21,28,-7,14,43,-7,-34,28,-32,-33,-13,-16,-10,31,-33,-32,-27,4,41,49,14,-4,-6,31,50,-43,47,-20,-2,-16,3,-7,-38,12,24,-46,-46,40,-2,39,23,1,-28,-37,48,-45,48,38,10,38,36,-27,-16,-21,20,50,-47,-18,46,-33,-18,-2,11,-40,26,-50,32,31,40,-21,-15,12,-3,8,-9,-50.8
1,-40,13,-11,48,39,-24,0,28,-24,-5,-37,42,-2,-5,37,16,-6,-50,43,4,27,43,-15,-27,-2,-19,8,26,-6,32,-33,4,-39,-28,2,50,-36,-49,28,-43,-4,41,15,11,-48,-32,-24,-4,-32,-32,16,11,27,18,0,-26,49,25,50,-8,6,33,46,17,-46,-37,-17,36,31,27,9,44,17,-27,4,-15,-9,-4,-3,-24,-20,-37,3,-44,-3,-47,47,-5,28,46,3,-17,29,-36,17,-1,-22,16,-50,36.9
1,25,-8,9,18,25,33,38,27,40,-17,-27,32,-21,-48,-15,-15,-1,-12,-19,10,-35,44,-38,-36,-12,44,-3,37,38,-38,4,12,-30,-38,47,46,11,34,22,-33,34,45,49,-38,14,-17,-36,29,21,-5,-11,2,-46,-33,-17,-8,-40,30,-21,48,9,33,-24,29,11,-28,24,39,22,-39,-45,5,23,-47,-16,-14,-13,-2,-36,24,9,-31,-24,14,-13,-25,-45,-37,-46,-50,-39,-21,-1,-47,-42,27,-25,-2,15,75.5
1,13,10,20,-32,49,23,-32,-16,26,16,-36,0,-26,-50,-8,4,-13,-17,-24,0,-47,43,-23,-17,-42,-20,-43,35,-29,5,-1,35,31,35,19,-5,-27,37,-5,50,-32,10,-35,-42,-24,-27,13,13,6,5,29,9,-3,23,42,5,19,15,-11,41,37,4,-9,17,-12,26,-38,12,-22,7,-23,-4,33,-42,4,-42,-19,33,-13,37,-13,33,-39,35,5,20,-45,-27,-16,-5,30,-30,49,37,4,-47,12,-18,-19,-120.2
1,40,5,8,-49,-12,16,-28,-38,13,-46,-34,-35,-42,49,-24,9,-31,12,14,-8,47,25,39,-34,-10,25,-14,-7,-13,18,24,43,-27,48,45,-23,-21,33,-11,42,37,-29,23,11,-31,49,-31,-12,11,0,-3,-27,-26,-15,-45,14,-41,-8,-44,-38,26,-4,-45,49,-41,16,-25,-46,-2,-19,12,-50,2,-16,12,-12,50,-3,-8,-24,47,5,-1,-29,40,-30,1,16,-22,8,28,-46,20,-1,-48,-4,31,45,0,-31.5
1,-22,42,-38,46,-41,-38,-27,-37,-39,20,6,-47,-17,-40,-32,-30,17,-11,21,49,17,45,-8,21,-19,8,-10,27,-12,-50,43,17,42,21,-22,-50,34,1,-36,11,-30,-14,15,-31,-38,33,-11,-5,38,-40,-41,5,21,2,42,-49,-41,48,-6,-3,48,-13,30,5,-43,24,-28,41,-26,-48,2,-39,-12,33,-20,-34,15,20,-22,-31,-4,-13,24,33,39,-19,35,14,-21,-22,28,43,15,-27,-2,-11,48,20,-21,-188.2
1,-29,22,-3,-18,26,46,13,8,11,49,36,30,-40,-27,-31,43,28,-34,-7,-8,-39,22,-31,-46,-48,-42,-32,-43,-45,4,-47,-23,42,0,9,17,-4,38,41,23,2,27,-32,12,16,-47,-29,-7,-31,14,1,48,-49,-14,-49,21,-5,36,28,0,-11,31,27,-20,48,-48,13,-7,6,-31,32,-42,46,16,20,11,19,7,21,4,-29,-29,1,-28,8,-32,43,-48,-47,-13,-32,-42,-33,46,-46,-36,14,-17,-27,-64.2
1,-31,3,21,-23,-36,-14,14,-8,21,37,-38,42,-43,50,-8,47,7,-23,5,-25,47,42,-6,22,-41,-45,26,40,19,26,30,4,-22,0,-2,-8,3,28,34,-27,14,12,-36,22,12,-27,18,35,-34,-28,-40,-38,31,-30,34,40,-25,-24,-5,10,-49,-26,30,46,25,-23,-47,-23,-46,4,-34,19,-35,48,-44,-7,37,-10,-22,-48,12,-46,31,-42,-26,-19,14,-35,7,-41,-9,-26,-17,-30,-31,24,-2,39,17,16.5
1,-32,-8,34,3,8,31,9,-50,17,49,45,-15,-23,49,-35,-15,39,-4,50,-47,19,-42,-40,9,-43,-19,28,32,-5,-17,-2,-21,25,48,33,49,-6,-9,16,27,-44,10,-39,-17,9,44,-16,-37,-45,-17,-33,25,-43,-23,50,32,-26,28,-21,-15,-40,-7,15,1,-9,-3,0,1,4,-35,-22,10,-9,-45,43,16,49,44,30,21,-24,13,-39,-50,40,-40,32,31,4,27,-35,-20,-31,-4,32,-24,9,-19,28,-1.8
1,-37,-38,-45,-11,3,27,49,36,26,42,15,-38,-33,-23,-27,34,33,-17,-19,-21,38,-43,-5,34,44,7,15,-31,-34,12,47,46,-10,18,-16,44,-5,-18,-5,37,-27,-41,49,-43,-14,38,41,35,37,39,-36,24,12,-25,-26,5,32,39,-9,14,-33,-13,9,7,22,44,-34,33,-25,11,-15,-1,20,50,-28,22,37,29,7,23,17,21,-37,-21,46,-13,0,-7,42,41,-43,-42,45,16,16,16,9,32,-36,-83.2
1,1,-7,-1,16,-38,-2,38,1,-50,16,-43,23,50,28,2,-22,-11,5,-6,32,-3,-15,39,5,-21,5,-30,11,30,19,25,-20,-39,-27,46,40,-13,-1,-10,-13,-35,-3,26,-36,41,-22,-42,46,33,2,28,46,3,16,1,32,37,-13,-42,-17,-45,33,13,33,22,-25,23,25,24,29,-39,5,43,4,-15,33,-2,-7,29,47,12,-28,43,-36,4,-7,13,-43,-4,21,-10,-32,4,19,-50,42,44,-11,17,-3.2
1,-16,-32,-6,5,-40,48,41,9,-5,50,-47,-42,11,42,-50,-8,-4,-41,-46,3,5,25,43,-11,45,11,-10,37,-29,-5,-31,-29,13,-21,26,-11,-23,-18,15,-12,-18,18,-4,9,10,-38,-50,22,-29,-46,-26,-7,30,33,32,-10,-41,38,-24,-20,-17,-39,-33,46,-9,44,-49,-16,42,16,-12,-27,50,1,33,-25,13,33,47,35,4,37,44,-17,19,25,23,29,-21,16,25,12,-7,43,-27,34,2,-26,-33,15.3
1,-7,6,-28,-17,6,23,-35,31,-15,14,-6,36,34,-20,29,33,50,-30,-28,-6,-1,38,-32,27,47,27,50,31,-22,-26,14,-12,30,36,21,-49,8,2,33,10,32,-24,-39,16,-28,7,-2,38,27,20,-19,42,-27,-34,18,-30,43,-17,17,38,7,47,-25,-47,33,46,-46,-44,-3,3,-18,45,-5,-6,10,18,-50,-42,5,-7,-6,3,-50,-16,19,-16,4,11,17,37,-2,41,33,-11,44,-19,-16,14,-46,103.1
1,-3,-33,-14,-8,12,-4,18,46,-4,26,1,39,37,-47,5,-30,-12,39,-10,15,6,43,-37,-4,25,-32,-45,23,3,19,27,16,36,29,24,-36,-25,-8,-41,21,34,-24,-24,20,-21,31,6,-17,20,46,49,42,4,28,-13,-21,46,-8,-49,-36,27,-6,31,13,-28,4,27,-3,46,36,35,-4,-38,-40,-35,-43,7,22,-43,43,-17,-45,34,38,33,37,33,28,45,0,43,22,10,-11,-16,32,9,27,46,56.1
1,5,-22,30,17,-44,6,32,31,29,-31,38,22,-31,43,5,23,-9,-8,5,-32,-14,21,27,-43,-20,-35,-43,28,25,0,-11,46,29,-32,12,1,-10,-41,-19,-31,-21,35,7,-36,-7,-39,37,34,-31,-43,-48,-28,-6,-5,-21,24,11,-47,-33,-49,3,7,13,48,-9,41,-35,-2,50,-38,-17,45,48,40,25,-44,17,11,41,37,-16,9,-42,28,-47,-47,-33,-20,23,-15,48,-24,8,10,40,49,0,21,-4,87.8
1,-34,34,29,27,-3,-16,2,3,-49,-38,-7,38,-37,-49,12,41,22,15,25,-49,-12,26,16,-20,-17,-25,36,-19,-8,7,-6,-26,-44,39,-50,3,-27,2,-45,-26,-19,-35,28,-6,33,-45,-50,-30,20,25,39,24,0,4,20,33,29,-28,31,37,29,41,-40,1,29,-39,-47,18,-21,25,8,10,6,-49,-47,-11,-44,-46,-25,-7,-5,-37,33,46,17,3,-6,-38,25,41,49,-31,31,26,20,-24,37,-11,44,-27.5
1,-35,-37,-32,-8,-14,-31,-5,-9,-24,-35,16,19,11,30,1,-28,-4,20,-18,8,-40,-27,-27,-21,20,49,15,46,1,-47,6,-18,34,24,24,36,43,36,-24,35,-50,42,3,-23,-13,21,-35,34,-10,-2,-43,1,21,47,-4,-10,45,28,-48,-39,-3,-26,-6,47,48,-33,32,6,19,-43,-9,-14,16,10,13,-48,-20,-5,2,-13,43,-24,4,-21,-28,16,-15,34,-7,-13,45,41,11,-46,37,-26,39,19,-3,-69.4
1,7,-8,38,43,24,-37,-28,-7,-40,-17,45,-3,-25,37,17,4,26,-18,5,-25,26,43,-31,-18,-31,41,35,-40,29,3,7,-49,12,-40,11,-49,-27,33,-6,-17,-35,-45,-4,-44,42,29,-24,-17,-39,31,8,3,-11,-6,1,9,-16,-15,-15,29,5,42,30,-34,-49,-10,34,41,39,-22,-26,20,-17,-14,-8,41,-35,18,-26,43,-1,32,-39,38,-25,12,-38,9,47,-3,-47,1,-46,34,-17,22,40,-33,13,81.1
1,29,-5,3,-36,-6,5,7,-16,20,-26,8,-22,-11,-10,-11,44,-19,-50,-45,7,48,-31,10,-36,40,-7,-2,12,50,-19,41,28,-8,-7,8,36,48,-36,-31,-16,-11,-6,12,-6,34,-49,-13,31,18,-41,-13,15,-22,48,-4,-33,-44,44,-5,-45,41,-15,-1,-18,-6,-43,-33,-42,-29,-48,-42,-24,-4,20,-13,46,-13,24,27,-45,33,-37,-14,-40,-40,32,45,34,-9,-45,39,-19,-43,-46,13,-33,-39,-4,42,-10.4
1,49,-1,50,42,11,-14,-22,7,23,-49,-17,-6,1,-38,31,-23,40,12,38,23,20,44,-23,-50,17,-19,-20,34,-42,26,26,24,41,25,15,2,27,9,-42,0,-24,-43,10,27,-31,-10,-46,-42,19,42,31,-12,1,25,-46,-33,22,-16,18,31,27,-41,-30,17,34,1,-32,-23,-41,43,27,-49,50,-48,29,-31,-7,-1,-23,28,-44,25,32,8,-1,2,-9,37,37,-42,17,13,-33,3,-21,18,-47,-36,45,101
1,29,-44,-13,31,-44,-11,-25,42,-2,24,35,42,30,9,-11,-47,24,42,-5,11,28,-31,44,-44,-47,-37,-49,21,-34,-35,-19,46,-28,-16,-8,45,23,17,36,38,-44,20,29,2,46,-32,6,-15,-41,17,12,3,36,-28,9,39,-15,-24,-25,1,-8,6,-38,-20,40,-30,-26,-21,3,26,-34,9,-5,11,-39,-44,-5,-17,-42,-30,50,20,-11,1,42,14,-10,43,41,-19,-6,-18,38,-28,12,-7,-41,2,22,-12.9
1,12,-23,4,38,-12,32,15,-5,-24,48,3,-37,13,39,2,30,31,-34,-31,23,-44,-33,33,-46,-46,22,-18,-3,-3,34,36,-42,-40,-11,12,-2,37,-24,9,-37,40,28,43,-32,17,-6,49,-37,-24,34,2,49,-50,-49,-48,21,23,-16,35,-31,34,20,44,44,25,6,-42,12,-2,-17,-9,-46,-39,-17,-28,-6,-7,37,7,20,21,25,18,-13,26,-13,-42,-36,21,43,-17,-29,-22,44,31,-48,-35,39,-20,29.2
1,-21,39,21,-17,16,20,-28,-41,-37,-42,-18,33,-5,-44,-34,33,-1,3,7,13,41,-1,13,-39,27,6,8,-5,-13,-3,26,16,-49,-38,16,17,33,38,-8,46,12,-10,-6,-43,-38,-24,6,11,-4,-38,-26,-48,-23,37,30,-47,-42,-13,-2,-5,34,40,27,1,-48,-8,-33,35,-21,-25,-4,42,15,6,15,28,-2,-30,-12,44,49,-22,46,-25,31,25,45,39,-38,-42,50,12,49,-7,30,-50,35,47,1,-8.5
1,31,39,13,-12,3,35,19,47,-18,5,-49,-24,3,-21,38,-6,-40,13,-12,15,-9,-4,-19,19,-6,-10,-2,-40,-26,-39,11,21,50,40,-42,-32,24,-7,-35,-44,48,-34,49,0,-5,36,44,-29,-36,48,3,5,-6,0,41,4,40,-12,15,-37,-1,42,1,-36,32,-25,-17,-29,19,-2,-23,16,14,-25,33,25,28,-8,13,42,-10,-35,-37,0,15,-47,-47,4,-43,18,-17,-27,10,0,-13,-43,26,20,-22,-121.7
1,-6,34,-28,26,-3,-37,-26,39,41,-17,1,33,23,-18,46,-28,47,15,42,-34,22,10,-35,45,36,16,49,9,-9,-16,3,1,-32,25,43,-19,39,34,-31,29,-34,-14,-23,5,18,39,-7,14,3,-16,-4,42,44,12,2,-5,44,0,-47,-50,1,7,-33,19,48,26,50,36,9,36,-19,25,-29,8,-21,40,-37,-12,-31,-18,23,-18,-27,-18,44,-8,28,3,8,-3,3,-42,20,20,27,18,-39,-7,3,100.2
1,21,-22,0,-39,-1,-42,-9,-46,-29,-5,41,3,-33,-28,-7,0,32,35,44,-16,-8,-10,37,1,-40,-28,44,28,-17,-14,47,20,14,-3,32,30,-29,39,0,-8,-17,-10,11,1,12,20,17,-7,-30,10,-7,13,50,46,30,26,-33,-11,3,-33,26,-34,37,-45,13,-16,1,34,-28,18,42,6,-43,-32,23,-14,39,-11,-5,-42,49,39,-13,14,34,33,-10,18,-28,9,1,14,25,-47,-15,-47,-12,37,37,-107
